batter_id,pitcher_id,ab,h,hr,rbi,k,bb,avg,ops
676475,693313,1,0,0,0,0,1,.000,.500
676475,663738,1,0,0,0,0,0,.000,.000
676475,669358,3,0,0,0,0,0,.000,.000
676475,669022,11,4,0,4,1,1,.364,.872
676475,665152,4,1,0,0,0,0,.250,.500
676475,607536,5,0,0,0,2,1,.000,.167
676475,453286,4,1,0,0,1,1,.250,.650
676475,663567,2,1,0,0,1,1,.500,1.167
663494,453286,2,0,0,0,1,0,.000,.000
676475,554430,10,3,0,2,2,1,.300,.817
676475,694819,13,1,0,0,2,0,.077,.154
676475,607259,3,0,0,0,0,0,.000,.000
676475,681190,9,1,0,0,3,0,.111,.222
676475,640455,4,1,0,0,1,0,.250,.500
676475,647336,2,1,0,2,0,0,.500,1.000
663494,694819,5,0,0,0,3,0,.000,.000
676475,687792,4,1,0,0,1,0,.250,.500
676475,683003,8,0,0,0,1,1,.000,.111
676475,641743,4,2,0,1,1,0,.500,1.500
663494,683003,2,0,0,0,1,0,.000,.000
693409,554430,2,1,0,0,0,0,.500,1.000
671056,693313,3,0,0,0,0,1,.000,.250
671056,663567,2,1,0,1,0,0,.500,1.167
671056,694819,12,4,2,3,3,1,.333,1.302
671056,579328,2,2,2,3,0,1,1.000,5.000
671056,702275,2,0,0,0,0,0,.000,.000
671056,607259,1,0,0,0,0,1,.000,.500
671056,669022,5,1,0,0,1,1,.200,.533
671056,663738,2,1,0,0,0,0,.500,1.000
671056,683003,6,0,0,0,3,0,.000,.000
671056,640455,3,1,0,2,0,0,.333,1.000
671056,453286,3,0,0,0,0,0,.000,.000
671056,647336,1,0,0,0,0,0,.000,.000
671056,665152,2,1,0,0,0,0,.500,1.000
671056,669302,2,1,1,1,1,0,.500,2.667
671056,641743,1,0,0,0,0,0,.000,.500
671056,554430,6,2,0,1,1,0,.333,.666
671056,681190,10,4,0,0,2,1,.400,.955
671056,607536,9,4,1,1,2,0,.444,1.444
671056,676083,2,0,0,0,0,0,.000,.000
802139,663738,3,0,0,0,0,0,.000,.000
802139,663567,2,1,0,0,0,0,.500,1.167
802139,694819,4,1,0,0,2,1,.250,.750
802139,702275,2,0,0,0,0,0,.000,.000
802139,607536,3,1,0,0,1,0,.333,.666
802139,554430,2,1,0,0,1,1,.500,1.167
802139,676083,2,0,0,0,0,0,.000,.000
802139,681190,3,1,0,0,0,0,.333,.666
802139,683003,6,0,0,0,4,0,.000,.000
691023,663738,1,0,0,0,0,0,.000,.000
691023,663567,3,1,0,1,2,0,.333,.666
691023,607259,5,1,0,0,1,0,.200,.400
691023,453286,3,1,0,0,0,0,.333,.666
691023,647336,1,1,0,1,0,0,1.000,3.000
691023,693313,4,0,0,0,2,1,.000,.200
691023,665152,2,1,0,1,0,0,.500,1.000
691023,641743,4,1,0,0,0,0,.250,.500
691023,694819,8,1,1,2,2,0,.125,.625
665877,693313,2,0,0,0,0,0,.000,.000
691023,681190,4,2,0,1,1,0,.500,1.250
691023,669302,2,0,0,0,1,0,.000,.333
691023,702275,2,1,0,0,0,0,.500,1.000
691023,669022,9,3,0,0,3,0,.333,.666
691023,682227,5,0,0,0,1,0,.000,.000
691023,607536,10,2,0,0,1,1,.200,.673
691023,579328,2,0,0,0,0,1,.000,.333
691023,554430,6,2,0,1,1,0,.333,.833
665877,663738,2,0,0,0,1,1,.000,.333
691023,683003,6,2,0,0,1,0,.333,.666
665877,694819,2,0,0,0,2,0,.000,.000
665877,453286,2,0,0,0,0,0,.000,.000
665877,640455,3,2,0,0,0,0,.667,1.334
665877,607536,3,1,0,2,0,2,.333,1.267
665877,676083,2,0,0,0,0,0,.000,.000
665877,682227,2,1,0,0,0,0,.500,1.000
665877,683003,3,2,0,0,1,0,.667,1.334
665877,702275,2,0,0,0,0,0,.000,.000
665877,669302,4,0,0,0,2,0,.000,.000
665877,669022,2,1,0,0,0,1,.500,1.667
665877,554430,2,0,0,0,0,0,.000,.000
665877,641743,3,0,0,0,0,0,.000,.000
699024,693313,2,1,0,0,1,0,.500,1.000
699024,641743,2,1,0,0,0,0,.500,1.500
699024,683003,2,0,0,0,1,0,.000,.000
691026,663567,3,1,0,2,0,0,.333,.666
691026,607259,6,1,0,1,0,0,.167,.500
691026,647336,3,1,0,0,0,0,.333,1.000
691026,693313,2,0,0,0,0,0,.000,.000
691026,453286,5,1,1,1,1,0,.200,1.000
691026,669358,2,0,0,0,0,1,.000,.333
691026,663738,3,1,0,0,0,1,.333,1.167
691026,687792,5,0,0,0,2,1,.000,.167
691026,694819,5,0,0,0,1,0,.000,.000
691026,640455,6,2,0,0,1,0,.333,.833
691026,702275,2,0,0,0,1,0,.000,.000
691026,669022,13,5,1,4,4,2,.385,1.159
691026,665152,3,1,0,1,0,1,.333,1.167
691026,683003,5,2,0,1,1,0,.400,.800
691026,641743,2,0,0,1,1,0,.000,.000
691026,669302,3,0,0,0,2,0,.000,.000
691026,607536,8,1,0,1,1,0,.125,.375
691026,554430,7,1,0,0,2,0,.143,.429
691026,579328,2,0,0,0,2,0,.000,.000
701675,663567,2,1,0,0,1,0,.500,1.000
691026,681190,8,2,0,0,1,1,.250,.583
691026,682227,4,2,0,0,2,1,.500,1.100
701675,693313,1,0,0,0,0,0,.000,.000
701675,694819,3,0,0,0,1,0,.000,.000
701675,453286,1,1,0,0,0,1,1.000,2.000
701675,663738,2,0,0,0,1,0,.000,.000
701675,683003,3,1,0,1,0,0,.333,.917
701675,607536,2,0,0,0,0,0,.000,.000
701675,669302,2,0,0,0,2,0,.000,.000
701675,554430,3,1,0,1,0,0,.333,1.000
701675,676083,1,0,0,0,1,1,.000,.500
669357,669358,2,0,0,0,1,0,.000,.000
701675,641743,1,0,0,0,0,1,.000,.500
701675,681190,2,2,0,1,0,0,1.000,2.500
701675,702275,2,0,0,0,0,0,.000,.000
669357,693313,3,0,0,0,0,0,.000,.000
669357,663567,3,0,0,0,3,0,.000,.000
669357,647336,5,1,1,2,3,0,.200,1.000
669357,607536,1,0,0,0,0,0,.000,.000
669357,687792,2,2,0,2,0,0,1.000,2.500
669357,694819,6,0,0,0,5,1,.000,.143
669357,453286,2,0,0,0,1,0,.000,.000
669357,676083,2,0,0,0,0,0,.000,.000
669357,682227,1,0,0,0,0,1,.000,.500
669357,665152,2,0,0,0,1,3,.000,.600
669357,607259,5,2,1,2,1,1,.400,1.500
669357,554430,13,4,1,2,5,2,.308,1.015
669357,669302,1,0,0,0,1,1,.000,.500
669357,641743,1,0,0,0,1,0,.000,.000
686780,663567,2,1,0,0,0,0,.500,1.500
686780,693313,1,0,0,0,0,1,.000,.500
669357,669022,5,1,0,0,2,0,.200,.600
669357,683003,3,1,0,0,1,1,.333,1.167
686780,663738,1,0,0,0,1,0,.000,.000
669357,681190,4,2,0,1,2,0,.500,1.000
686780,687792,4,1,0,1,2,0,.250,1.000
686780,607536,2,0,0,0,1,0,.000,.000
686780,640455,3,1,0,0,2,0,.333,.666
686780,607259,2,1,0,0,0,0,.500,1.500
686780,694819,8,3,0,0,2,0,.375,.750
686780,681190,6,1,1,3,1,0,.167,.834
686780,676083,2,1,0,0,0,0,.500,1.000
686780,669022,4,1,0,0,1,0,.250,.500
686780,682227,2,0,0,0,1,0,.000,.000
686780,669302,5,3,1,2,1,0,.600,1.800
695336,693313,3,0,0,0,1,1,.000,.250
695336,694819,3,1,0,0,2,1,.333,.833
695336,607259,1,0,0,0,0,0,.000,.000
687363,669358,2,1,0,0,1,0,.500,1.000
695336,607536,4,1,0,0,1,1,.250,.650
695336,663738,1,0,0,0,0,0,.000,.000
695336,681190,2,0,0,0,0,0,.000,.000
695336,641743,2,1,0,0,0,0,.500,1.000
695336,669302,2,2,0,0,0,0,1.000,2.000
695336,683003,2,0,0,0,1,0,.000,.000
695336,682227,2,0,0,0,0,0,.000,.000
695336,669022,3,2,0,1,1,0,.667,2.000
687363,663738,2,0,0,0,0,0,.000,.333
695336,676083,2,0,0,0,1,0,.000,.000
687363,640455,3,0,0,0,1,0,.000,.000
687363,663567,2,0,0,0,1,0,.000,.000
687363,694819,6,0,0,0,3,1,.000,.143
687363,647336,2,0,0,0,1,0,.000,.000
687363,607536,4,3,0,0,0,1,.750,1.550
687363,607259,2,0,0,0,1,1,.000,.333
687363,579328,2,0,0,0,1,1,.000,.333
687363,693313,4,1,0,1,1,0,.250,.500
687363,681190,5,1,0,0,1,0,.200,.400
687363,554430,4,1,0,1,0,0,.250,.450
687363,676083,1,0,0,0,0,0,.000,.000
664761,669358,5,1,0,0,0,0,.200,.400
664761,669467,9,2,0,0,2,1,.222,.522
664761,663567,3,0,0,0,2,0,.000,.000
687363,669022,6,0,0,0,4,0,.000,.000
664761,607259,7,1,0,0,2,1,.143,.536
664761,800048,3,0,0,0,1,0,.000,.000
664761,453286,24,7,1,4,6,0,.292,.709
664761,647336,5,1,0,0,3,1,.200,.533
664761,665152,3,1,1,3,1,0,.333,1.666
664761,694819,3,0,0,0,0,0,.000,.000
664761,579328,6,0,0,0,1,0,.000,.000
664761,681190,8,3,1,4,1,0,.375,1.125
664761,640455,17,6,1,5,2,0,.353,.921
664761,641743,5,2,0,3,1,0,.400,1.133
664761,683003,5,3,1,1,1,0,.600,2.000
669016,607259,5,1,0,0,0,0,.200,.400
664761,676083,7,1,0,1,0,0,.143,.286
664761,669022,23,5,1,5,6,2,.217,.656
669016,669358,5,1,0,0,1,0,.200,.400
669016,663738,3,0,0,0,0,1,.000,.250
664761,669302,12,3,0,1,4,0,.250,.500
669016,663567,2,1,0,0,1,0,.500,1.000
669016,800048,1,0,0,0,0,1,.000,.500
669016,647336,5,2,2,5,2,0,.400,2.000
669016,694819,5,1,0,0,2,0,.200,.400
664761,607536,16,5,2,2,4,1,.313,1.041
669016,669467,7,2,0,1,0,1,.286,.661
669016,579328,5,1,0,0,1,0,.200,.400
669016,453286,11,2,0,0,3,1,.182,.523
669016,554430,3,0,0,0,3,0,.000,.000
669016,640455,7,0,0,0,5,2,.000,.222
669016,641743,4,2,2,5,1,0,.500,2.500
669016,681190,5,5,0,0,0,1,1.000,2.000
669016,669302,19,2,0,0,7,0,.105,.263
669016,683003,5,1,1,2,2,0,.200,1.000
669016,607536,4,0,0,1,3,2,.000,.286
669016,669022,7,0,0,0,4,0,.000,.000
650559,663567,5,0,0,0,2,1,.000,.167
669016,665152,6,1,0,1,3,1,.167,.619
669016,676083,6,2,0,0,1,0,.333,.666
650559,669358,5,1,0,1,1,0,.200,.400
650559,647336,4,1,0,0,1,0,.250,.500
650559,640455,9,2,0,0,2,0,.222,.444
650559,607259,3,0,0,0,1,1,.000,.250
650559,669467,5,2,0,0,1,0,.400,1.000
650559,554430,18,5,0,2,7,2,.278,.628
650559,579328,5,0,0,0,2,0,.000,.000
650559,689981,2,0,0,0,1,0,.000,.000
650559,665152,3,1,0,1,0,0,.333,.666
650559,687792,4,0,0,0,3,0,.000,.000
650559,641743,1,0,0,0,0,0,.000,.000
650559,453286,4,0,0,0,2,0,.000,.000
650559,607536,7,2,0,0,2,1,.286,.661
650559,681190,4,2,0,0,1,1,.500,1.350
650559,676083,1,0,0,0,1,0,.000,.000
650559,669022,5,1,0,1,3,1,.200,.733
547180,607259,5,2,1,2,1,0,.400,1.400
650559,682227,3,1,0,0,1,0,.333,.666
547180,669467,6,1,0,0,1,2,.167,.708
650559,669302,6,0,0,0,1,0,.000,.000
650559,683003,3,1,0,0,1,0,.333,.666
547180,663567,2,0,0,0,1,0,.000,.000
547180,669358,7,3,0,2,1,1,.429,1.214
547180,663738,1,0,0,0,1,1,.000,.500
547180,800048,2,0,0,0,1,1,.000,.333
547180,647336,13,6,0,3,2,1,.462,1.038
547180,694819,5,2,1,1,1,0,.400,1.400
547180,453286,29,8,5,6,11,7,.276,1.279
547180,665152,8,1,0,0,1,1,.125,.347
547180,640455,19,6,1,1,4,1,.316,.907
547180,579328,9,2,0,0,4,0,.222,.555
547180,554430,39,8,2,5,16,5,.205,.648
547180,607536,30,7,1,5,7,1,.233,.583
681082,669358,8,2,0,1,2,1,.250,.583
681082,607259,5,3,0,2,0,0,.600,1.600
547180,676083,7,5,1,1,0,1,.714,2.036
547180,683003,5,1,0,1,2,0,.200,.600
681082,663567,1,1,0,0,0,0,1.000,3.000
547180,641743,6,1,0,0,2,1,.167,.453
681082,647336,4,0,0,0,1,0,.000,.200
547180,681190,7,4,2,3,1,1,.571,2.196
547180,669022,33,7,0,3,9,1,.212,.538
547180,669302,8,5,0,0,1,2,.625,1.325
681082,453286,16,9,0,2,2,1,.563,1.236
681082,669467,9,3,0,0,1,1,.333,.733
681082,579328,5,2,0,0,1,0,.400,1.000
681082,663738,1,0,0,0,0,0,.000,.000
681082,800048,3,2,0,0,0,0,.667,1.334
681082,669022,9,1,1,1,2,0,.111,.555
681082,665152,8,3,0,1,1,0,.375,1.000
681082,694819,5,1,0,0,2,0,.200,.400
681082,640455,12,4,1,1,2,2,.333,1.012
656537,669358,2,1,0,0,1,0,.500,1.000
681082,607536,5,3,0,0,0,0,.600,1.200
681082,669302,9,4,0,1,4,1,.444,1.056
656537,607259,1,0,0,0,1,0,.000,.000
656537,663738,3,1,0,0,0,0,.333,.666
681082,681190,8,1,0,0,2,0,.125,.250
681082,683003,4,0,0,0,2,0,.000,.000
681082,676083,5,2,0,0,1,1,.400,.900
656537,579328,6,2,0,0,2,1,.333,.762
656537,554430,2,0,0,0,0,0,.000,.000
656537,669022,2,0,0,0,1,0,.000,.000
656537,669302,3,1,0,0,1,0,.333,.666
656537,607536,5,2,1,1,2,0,.400,1.400
656537,640455,7,2,0,2,2,0,.286,.715
624641,607259,1,0,0,0,0,0,.000,.000
624641,800048,2,0,0,0,0,0,.000,.000
624641,640455,17,8,1,3,4,0,.471,1.471
624641,453286,11,2,0,0,6,0,.182,.364
624641,663738,1,0,0,0,0,0,.000,.000
624641,665152,5,1,0,0,4,0,.200,.800
624641,641743,3,0,0,0,1,0,.000,.000
624641,669302,2,1,0,0,0,0,.500,1.000
624641,579328,6,3,1,1,2,1,.500,1.571
624641,681190,2,0,0,0,0,0,.000,.000
624641,694819,2,1,0,0,0,0,.500,1.000
624641,676083,2,0,0,0,0,0,.000,.000
624641,607536,15,5,0,1,3,0,.333,.666
624641,669022,18,4,1,3,4,1,.222,.652
596117,663567,1,0,0,0,1,0,.000,.000
596117,453286,4,1,0,0,2,0,.250,.500
596117,665152,3,0,0,0,0,0,.000,.000
596117,640455,2,1,0,1,0,0,.500,1.000
596117,669302,2,0,0,0,1,0,.000,.000
596117,681190,2,0,0,0,0,0,.000,.000
596117,676083,2,0,0,0,1,0,.000,.000
592663,669358,4,0,0,0,2,1,.000,.200
592663,669467,5,1,0,0,0,1,.200,.533
592663,800048,3,0,0,0,1,0,.000,.000
592663,663567,1,0,0,0,1,0,.000,.000
592663,607259,7,1,0,0,1,1,.143,.393
592663,647336,15,3,0,1,2,1,.200,.583
592663,579328,7,2,1,1,2,0,.286,1.000
592663,665152,5,1,0,0,2,0,.200,.400
592663,641743,3,0,0,0,1,1,.000,.250
592663,640455,14,2,0,0,6,0,.143,.343
592663,694819,5,0,0,0,1,0,.000,.000
592663,607536,24,3,0,2,4,1,.125,.368
592663,669302,8,3,2,2,2,0,.375,1.500
592663,676083,4,1,0,0,1,0,.250,.500
592663,669022,28,6,1,3,11,2,.214,.624
592663,681190,3,2,1,1,0,0,.667,2.334
702222,669467,2,0,0,0,0,0,.000,.000
702222,669358,2,0,0,0,0,0,.000,.000
702222,453286,4,1,0,0,0,0,.250,.500
592663,453286,66,7,2,3,21,4,.106,.381
592663,683003,3,1,0,0,1,0,.333,.666
702222,694819,3,0,0,0,3,0,.000,.000
702222,640455,2,0,0,0,1,0,.000,.000
702222,665152,2,1,0,0,0,0,.500,1.500
702222,669302,2,0,0,0,0,0,.000,.000
702222,669022,2,1,0,0,1,0,.500,1.000
702222,676083,3,1,0,0,1,0,.333,1.000
702222,681190,4,0,0,0,0,0,.000,.000
656941,663567,9,1,1,2,4,0,.111,.555
656941,669358,5,2,0,0,2,0,.400,.800
656941,607259,5,2,1,2,2,0,.400,1.333
656941,453286,22,6,2,3,10,4,.273,.930
656941,579328,9,2,0,0,4,0,.222,.555
656941,647336,4,0,0,0,3,2,.000,.333
702222,683003,1,0,0,0,0,0,.000,.000
656941,669467,12,5,1,1,2,0,.417,1.167
656941,800048,3,2,0,0,0,0,.667,1.667
656941,663738,1,0,0,0,0,0,.000,.000
656941,694819,5,1,0,0,4,0,.200,.400
656941,665152,5,1,0,1,2,3,.200,.844
656941,554430,10,1,0,0,3,2,.100,.350
656941,669302,16,4,1,2,7,1,.250,.794
656941,640455,16,4,2,4,3,2,.250,.958
656941,607536,20,3,1,6,10,1,.150,.590
650333,607259,7,2,1,1,0,0,.286,1.000
656941,676083,8,1,0,0,4,0,.125,.250
656941,683003,4,1,0,0,2,1,.250,.650
656941,681190,7,1,1,2,1,2,.143,.904
650333,669358,4,1,1,4,0,4,.250,1.625
656941,641743,3,2,0,0,1,0,.667,1.417
656941,669022,24,6,1,2,10,8,.250,.813
650333,693313,2,0,0,1,0,1,.000,.333
650333,663567,4,2,0,0,0,1,.500,1.350
650333,663738,9,2,0,0,0,1,.222,.522
650333,647336,12,4,0,4,1,0,.333,.666
650333,669467,11,4,0,0,0,0,.364,.819
650333,453286,8,3,0,1,0,0,.375,.875
650333,687792,3,1,1,1,0,0,.333,1.666
650333,607536,6,3,0,0,1,0,.500,1.000
650333,669022,11,5,0,1,0,0,.455,1.091
650333,681190,6,2,0,0,0,0,.333,1.000
650333,579328,10,3,0,0,1,1,.300,.664
650333,683003,3,0,0,0,0,0,.000,.000
650333,665152,8,1,0,1,0,1,.125,.347
650333,640455,14,5,1,1,1,0,.357,.928
650333,554430,15,4,0,0,1,0,.267,.646
650333,702275,2,1,1,2,0,1,.500,2.667
650333,676083,3,1,0,1,0,0,.333,.666
650333,669302,15,3,1,2,2,0,.200,.667
665561,669467,2,0,0,0,0,0,.000,.000
665561,681190,2,2,0,1,0,0,1.000,2.000
607208,453286,11,5,1,2,3,0,.455,1.182
607208,607259,10,4,0,0,3,0,.400,.900
607208,663738,3,1,0,0,0,0,.333,.666
607208,694819,6,1,0,2,2,0,.167,.667
607208,663567,5,3,1,1,0,0,.600,2.200
607208,669467,7,2,0,1,1,1,.286,.661
607208,647336,19,5,0,1,5,0,.263,.631
607208,800048,3,0,0,0,2,0,.000,.000
607208,669358,9,4,1,2,0,0,.444,1.222
607208,665152,6,1,0,0,1,0,.167,.334
607208,681190,9,4,1,1,1,0,.444,1.222
607208,640455,22,8,2,3,6,0,.364,1.027
607208,669302,11,1,1,3,3,0,.091,.455
607208,676083,6,1,0,1,2,0,.167,.334
607208,554430,38,12,1,4,6,4,.316,.802
607208,579328,6,1,0,1,0,2,.167,.542
607208,683003,5,1,0,0,3,0,.200,.400
607208,641743,4,0,0,1,0,0,.000,.000
607208,607536,43,15,2,5,11,3,.349,.996
695257,669467,2,0,0,0,0,0,.000,.000
695257,663738,1,0,0,0,0,0,.000,.000
607208,669022,27,11,0,2,8,3,.407,1.003
695257,607259,2,0,0,0,2,0,.000,.000
695257,607536,2,0,0,0,2,0,.000,.000
664040,669467,7,2,0,1,1,0,.286,.715
664040,663567,3,0,0,0,0,0,.000,.250
664040,669358,2,0,0,0,0,1,.000,.333
664040,647336,6,2,1,1,2,0,.333,1.166
664040,693313,2,1,0,0,0,0,.500,1.000
664040,607259,4,2,0,0,1,0,.500,1.250
664040,640455,10,0,0,0,5,0,.000,.000
664040,665152,19,5,1,1,6,4,.263,.865
664040,702275,1,0,0,0,0,0,.000,.000
664040,694819,6,0,0,0,4,0,.000,.000
664040,686751,1,0,0,0,1,0,.000,.000
664040,800048,6,2,0,0,0,0,.333,.833
664040,641743,5,3,1,2,0,3,.600,2.350
664040,579328,12,0,0,0,6,0,.000,.000
664040,607536,7,2,0,0,4,0,.286,.715
664040,453286,3,1,0,0,1,0,.333,.666
664040,554430,20,5,1,2,7,3,.250,.948
664040,669302,7,2,0,0,3,2,.286,.873
664040,681190,7,4,0,2,0,1,.571,1.339
664040,683003,1,0,0,0,0,0,.000,.500
664040,682227,2,0,0,0,1,0,.000,.000
668804,693313,2,1,0,0,0,0,.500,1.500
668804,669358,5,3,0,0,1,1,.600,1.267
664040,676083,3,1,0,0,1,0,.333,.666
668804,669467,28,4,2,4,7,0,.143,.572
668804,453286,5,2,0,0,0,0,.400,1.000
668804,607259,16,3,1,3,4,1,.188,.610
668804,647336,3,2,0,0,1,0,.667,1.417
668804,687792,1,0,0,0,0,1,.000,.500
668804,607536,13,3,0,2,1,1,.231,.594
668804,689981,2,1,0,0,1,0,.500,1.000
668804,665152,6,1,0,0,1,0,.167,.334
668804,694819,8,2,0,0,3,1,.250,.650
668804,686751,1,0,0,0,1,0,.000,.000
668804,669302,2,0,0,0,1,1,.000,.333
668804,640455,12,3,1,2,1,2,.250,.940
680779,693313,1,0,0,0,1,1,.000,.500
668804,669022,5,1,0,1,2,1,.200,.533
668804,554430,18,4,0,1,7,1,.222,.485
668804,579328,11,3,0,0,1,2,.273,.658
668804,681190,8,1,0,0,0,1,.125,.425
680779,669467,3,1,1,2,0,0,.333,1.583
668804,682227,8,1,1,1,1,0,.125,.625
680779,607259,2,0,0,0,1,1,.000,.333
668804,676083,4,0,0,0,0,1,.000,.200
680779,640455,2,0,0,0,1,1,.000,.333
680779,647336,2,0,0,0,1,1,.000,.333
680779,665152,1,0,0,1,1,0,.000,.000
680779,694819,4,0,0,0,1,0,.000,.000
680779,554430,7,1,1,1,3,0,.143,.714
694378,669358,3,1,0,1,1,0,.333,1.000
680779,669022,3,2,0,0,0,0,.667,2.000
680779,676083,2,0,0,0,0,0,.000,.000
694378,669467,2,0,0,0,0,0,.000,.000
680779,681190,1,0,0,0,0,0,.000,.000
680779,682227,3,1,0,0,0,1,.333,1.167
694378,681190,2,0,0,0,0,0,.000,.000
694378,665152,1,0,0,0,0,1,.000,.500
694378,676083,2,0,0,0,0,0,.000,.000
663968,693313,1,0,0,0,0,0,.000,.000
663968,663738,2,1,0,1,0,0,.500,1.000
663968,665152,10,1,0,0,2,0,.100,.200
663968,686751,1,0,0,0,1,1,.000,.500
663968,694819,5,0,0,0,2,0,.000,.000
663968,640455,3,1,1,1,1,0,.333,1.666
663968,554430,4,1,0,0,1,1,.250,.650
663968,579328,6,0,0,0,1,0,.000,.000
663968,681190,2,0,0,0,0,0,.000,.000
663968,702275,1,1,0,1,0,0,1.000,3.000
663968,682227,3,1,0,0,0,0,.333,.666
663968,676083,3,0,0,0,1,0,.000,.000
669707,669358,2,1,0,0,0,0,.500,1.000
669707,669467,6,2,0,0,2,0,.333,.666
669707,453286,2,0,0,0,1,0,.000,.000
669707,607259,7,2,0,0,1,0,.286,.804
669707,640455,4,0,0,0,1,1,.000,.200
669707,663738,1,0,0,0,1,0,.000,.000
669707,687792,2,0,0,0,0,0,.000,.000
669707,607536,6,4,1,3,0,0,.667,2.334
669707,647336,1,0,0,0,0,0,.000,.000
669707,665152,3,1,0,0,1,0,.333,.666
669707,694819,4,0,0,0,1,1,.000,.200
669707,579328,4,3,0,0,0,0,.750,1.750
669707,686751,2,1,0,2,1,0,.500,1.500
669707,702275,1,0,0,0,0,0,.000,.000
669707,682227,2,1,0,0,1,0,.500,1.500
669707,676083,3,0,0,0,0,0,.000,.000
669707,681190,1,0,0,0,0,1,.000,.500
804606,669467,5,2,0,0,1,0,.400,1.200
669707,554430,8,1,0,1,5,0,.125,.375
804606,669358,2,0,0,0,0,0,.000,.333
804606,607259,3,1,0,0,0,0,.333,.666
804606,554430,6,2,0,0,1,0,.333,.666
804606,579328,3,0,0,0,2,0,.000,.000
804606,686751,1,0,0,0,1,0,.000,.000
804606,647336,3,1,0,0,1,0,.333,.666
804606,694819,6,3,0,1,2,0,.500,1.000
693304,669358,2,0,0,0,0,0,.000,.000
693304,607259,11,2,0,0,2,0,.182,.364
693304,693313,4,1,0,0,1,0,.250,.500
693304,669467,12,0,0,0,4,0,.000,.000
693304,647336,4,0,0,0,2,0,.000,.000
693304,640455,7,0,0,0,3,0,.000,.000
693304,694819,9,3,0,0,1,1,.333,.733
693304,687792,2,0,0,0,1,0,.000,.000
693304,554430,10,4,0,1,3,0,.400,.800
693304,579328,6,2,0,0,1,0,.333,.833
693304,453286,3,1,0,0,1,0,.333,.666
693304,607536,5,0,0,0,1,1,.000,.167
693304,681190,2,0,0,0,1,0,.000,.000
665833,693313,4,2,0,1,0,0,.500,1.000
693304,682227,2,1,0,0,0,0,.500,1.000
665833,669358,5,1,0,0,3,1,.200,.533
665833,663738,1,0,0,0,0,0,.000,.000
665833,669467,15,2,0,2,3,4,.133,.449
693304,676083,5,4,0,0,0,0,.800,1.800
665833,647336,3,0,0,0,1,0,.000,.000
665833,607259,10,2,0,0,4,3,.200,.585
665833,689981,2,0,0,0,1,0,.000,.000
665833,579328,5,1,0,1,3,0,.200,.800
665833,640455,1,1,0,0,0,0,1.000,2.000
665833,687792,2,0,0,0,0,0,.000,.000
665833,694819,10,0,0,0,8,0,.000,.000
665833,669302,3,0,0,0,1,0,.000,.000
665833,669022,3,1,0,0,1,0,.333,.666
665833,681190,5,3,0,2,0,5,.600,1.400
665833,676083,3,1,0,0,0,0,.333,1.000
665833,554430,11,0,0,0,8,1,.000,.083
665833,665152,5,1,0,0,2,0,.200,.600
665833,682227,2,2,1,1,0,0,1.000,3.500
804668,693313,2,0,0,0,1,0,.000,.000
804668,669467,2,0,0,0,0,1,.000,.333
804668,702275,1,1,0,0,0,0,1.000,2.000
804668,640455,3,0,0,0,2,0,.000,.000
804668,694819,2,2,0,0,0,0,1.000,2.000
804668,579328,3,1,0,0,0,0,.333,1.000
682927,453286,3,0,0,0,1,0,.000,.000
804668,681190,2,0,0,0,0,0,.000,.000
682927,669467,3,0,0,0,0,0,.000,.000
682927,681190,2,1,0,0,1,0,.500,1.000
682927,676083,2,0,0,0,0,0,.000,.000
682927,640455,3,1,0,0,0,0,.333,.666
656811,669467,11,2,1,4,1,1,.182,.705
656811,693313,1,0,0,0,1,0,.000,.000
656811,663738,1,0,0,0,0,0,.000,.000
656811,669358,6,1,0,0,2,0,.167,.334
656811,607259,3,0,0,0,1,0,.000,.000
656811,640455,4,0,0,0,2,0,.000,.000
656811,453286,3,1,0,0,0,2,.333,1.000
656811,647336,5,2,0,0,1,1,.400,1.100
656811,694819,4,2,0,0,2,0,.500,1.100
656811,579328,2,1,0,0,0,0,.500,1.000
656811,681190,2,1,0,1,0,2,.500,1.250
656811,683003,3,2,1,1,0,0,.667,3.000
656811,607536,6,0,0,0,2,0,.000,.000
656811,669022,4,2,0,1,2,1,.500,1.100
687462,607259,10,10,1,4,0,2,1.000,2.600
656811,554430,6,1,0,1,2,2,.167,.542
687462,669358,4,1,0,1,1,0,.250,.833
687462,669467,10,4,1,1,2,0,.400,1.200
656811,686751,1,0,0,0,0,0,.000,.000
656811,676083,5,2,0,0,1,0,.400,.800
656811,669302,7,4,1,3,1,1,.571,1.911
656811,682227,2,1,1,3,0,1,.500,2.667
687462,693313,3,1,0,1,0,0,.333,.666
687462,694819,7,1,0,2,1,2,.143,.443
687462,665152,3,0,0,0,2,0,.000,.000
687462,453286,5,0,0,0,1,0,.000,.000
687462,647336,4,1,0,0,1,0,.250,1.000
687462,607536,3,0,0,0,0,0,.000,.000
687462,681190,4,2,0,0,0,0,.500,1.250
687462,554430,5,1,0,0,2,0,.200,.400
687462,676083,4,1,0,0,0,1,.250,.900
668800,607259,2,0,0,0,1,0,.000,.000
668800,453286,5,0,0,0,2,0,.000,.000
668800,663738,2,1,1,3,0,0,.500,2.500
668800,686751,1,0,0,0,0,0,.000,.000
668800,641743,1,1,1,2,0,0,1.000,5.000
668800,669302,2,1,0,0,0,0,.500,1.000
668800,554430,7,0,0,0,1,0,.000,.000
668800,607536,6,0,0,0,0,1,.000,.143
668800,669022,3,0,0,0,2,0,.000,.000
668800,682227,4,2,0,0,0,1,.500,1.350
668800,676083,1,1,0,0,0,0,1.000,2.000
695391,663738,1,0,0,0,1,0,.000,.000
695391,641743,1,0,0,0,0,0,.000,.500
695391,579328,2,0,0,0,1,0,.000,.000
683766,669467,5,4,0,2,0,1,.800,1.633
695391,669302,2,1,0,0,1,0,.500,1.000
683766,800048,2,0,0,0,1,0,.000,.000
683766,607536,5,2,0,0,0,0,.400,1.000
683766,669022,2,0,0,0,0,0,.000,.000
683766,676083,2,1,0,0,0,0,.500,1.500
701852,669467,4,0,0,0,2,1,.000,.200
683766,681190,3,0,0,0,0,0,.000,.000
701852,800048,3,0,0,0,2,0,.000,.000
701852,669302,2,0,0,0,2,0,.000,.000
701852,681190,1,0,0,0,1,0,.000,.000
687551,669467,8,3,0,1,1,0,.375,1.000
687551,647336,2,1,0,0,0,0,.500,1.000
687551,665152,2,1,0,1,0,0,.500,1.500
687551,702275,2,0,0,0,0,0,.000,.000
687551,607536,2,0,0,0,1,0,.000,.000
687551,681190,2,0,0,0,0,0,.000,.000
687551,669022,2,0,0,0,0,0,.000,.000
687529,669467,7,1,0,1,4,0,.143,.286
687529,663738,1,0,0,0,1,0,.000,.000
687529,681190,2,0,0,0,0,0,.000,.000
813841,669467,4,1,0,0,0,0,.250,.500
687529,665152,3,0,0,0,1,0,.000,.000
687529,669302,1,0,0,0,1,0,.000,.000
687529,669022,1,0,0,0,1,1,.000,.500
813841,607536,3,0,0,0,0,0,.000,.000
691785,669358,4,1,0,1,0,2,.250,.929
813841,800048,3,0,0,0,3,0,.000,.000
691785,607259,9,2,0,2,1,0,.222,.666
691785,663738,1,0,0,0,0,0,.000,.000
691785,647336,2,0,0,0,2,0,.000,.000
691785,579328,3,0,0,0,1,0,.000,.000
691785,669467,3,1,0,0,0,0,.333,.666
691785,607536,1,1,0,0,0,0,1.000,3.000
691785,694819,2,0,0,0,1,0,.000,.000
691785,669302,4,0,0,0,3,0,.000,.000
691785,681190,1,0,0,1,1,0,.000,.000
678545,669467,3,1,0,1,0,0,.333,1.000
691785,665152,2,1,0,0,0,0,.500,1.000
691785,554430,5,1,0,0,2,0,.200,.400
678545,663567,2,1,0,1,1,0,.500,1.000
678545,579328,3,1,0,0,1,0,.333,.666
678545,800048,3,0,0,0,1,0,.000,.000
678545,607536,3,2,0,0,0,0,.667,1.334
678545,640455,1,0,0,0,1,0,.000,.000
678545,669022,3,0,0,0,0,0,.000,.000
694376,669467,4,0,0,0,1,0,.000,.000
694376,647336,1,0,0,0,1,0,.000,.000
694376,554430,2,1,0,2,0,0,.500,1.500
694376,607536,3,0,0,0,0,0,.000,.000
694376,681190,1,0,0,0,0,0,.000,.000
806367,669467,5,1,0,2,1,0,.200,.400
682674,800048,3,1,0,1,1,0,.333,.666
669720,669358,5,1,0,1,0,0,.200,.400
682674,607536,3,0,0,0,1,0,.000,.000
669720,669467,9,1,1,2,2,1,.111,.644
669720,647336,5,0,0,0,2,1,.000,.167
669720,694819,3,2,0,0,0,0,.667,1.334
669720,663738,8,3,1,1,3,1,.375,1.444
669720,640455,4,3,2,2,0,1,.750,3.050
669720,579328,27,6,1,2,7,1,.222,.620
669720,607259,1,0,0,0,0,0,.000,.000
669720,641743,4,1,0,0,1,1,.250,.650
669720,669022,3,0,0,0,2,0,.000,.000
669720,554430,9,3,1,2,2,0,.333,1.111
669720,607536,8,6,2,2,0,1,.750,2.528
669720,669302,8,1,0,0,2,0,.125,.250
687957,669358,2,0,0,0,1,0,.000,.000
669720,682227,4,2,0,2,1,0,.500,1.250
669720,676083,3,0,0,0,1,1,.000,.250
687957,663738,1,0,0,0,0,0,.000,.000
687957,800048,1,0,0,0,0,0,.000,.500
687957,607259,2,2,0,0,0,0,1.000,2.000
687957,669302,2,1,1,1,0,0,.500,2.500
665487,669467,5,1,0,0,2,4,.200,.756
665487,669358,6,2,0,1,0,0,.333,.666
665487,663738,1,0,0,0,0,0,.000,.000
665487,453286,17,3,1,1,8,0,.176,.588
806956,682227,3,0,0,0,1,0,.000,.000
665487,663567,7,5,1,3,0,1,.714,2.179
665487,693313,3,1,0,0,0,1,.333,.833
665487,607259,11,2,0,2,3,1,.182,.504
665487,694819,3,2,0,0,1,0,.667,1.334
665487,647336,7,3,0,0,2,0,.429,1.000
665487,665152,6,2,0,1,2,0,.333,.666
665487,579328,13,3,2,2,5,2,.231,1.025
665487,702275,5,2,1,3,1,0,.400,1.600
665487,686751,1,0,0,0,0,0,.000,.000
665487,607536,33,8,2,6,5,3,.242,.851
665487,554430,15,2,0,0,4,0,.133,.333
665487,681190,3,0,0,0,1,0,.000,.000
665487,640455,20,4,0,0,7,1,.200,.488
665487,669302,9,1,0,1,2,0,.111,.333
665487,676083,3,0,0,0,1,0,.000,.000
666023,693313,1,0,0,0,0,0,.000,.000
666023,669358,7,2,0,0,0,1,.286,.804
665487,669022,11,2,0,1,5,3,.182,.630
665487,682227,5,3,0,2,1,0,.600,1.400
666023,607259,4,1,0,0,0,0,.250,.500
666023,663738,1,0,0,0,0,0,.000,.000
666023,669467,6,2,0,0,1,1,.333,.762
666023,665152,4,1,0,0,0,0,.250,.500
666023,640455,7,2,2,3,1,0,.286,1.429
666023,579328,7,3,0,0,2,0,.429,.858
666023,554430,2,0,0,0,0,0,.000,.000
666023,676083,2,0,0,0,0,0,.000,.000
657757,647336,3,0,0,0,2,0,.000,.000
666023,607536,4,2,0,0,0,1,.500,1.100
666023,681190,5,1,0,0,1,0,.200,.400
666023,641743,1,0,0,0,0,1,.000,.500
666023,669302,5,1,0,0,2,0,.200,.400
657757,669467,3,0,0,0,1,0,.000,.000
657757,693313,2,1,0,0,0,0,.500,1.500
657757,663738,2,0,0,0,0,0,.000,.000
657757,669358,6,2,0,2,1,0,.333,.833
657757,665152,4,1,0,0,1,1,.250,.900
657757,669022,5,1,0,1,1,0,.200,.400
657757,663567,5,1,0,0,1,0,.200,.400
657757,702275,4,0,0,0,1,1,.000,.200
657757,607536,3,0,0,0,1,0,.000,.000
657757,694819,3,1,0,0,0,0,.333,.666
657757,607259,7,1,0,0,1,1,.143,.393
657757,640455,5,1,0,0,1,0,.200,.400
657757,686751,1,0,0,0,0,0,.000,.000
657757,554430,10,1,0,0,3,2,.100,.450
657757,579328,3,1,0,0,0,0,.333,.666
657757,453286,5,2,0,2,1,0,.400,.800
657757,681190,3,1,0,0,0,0,.333,.666
701538,647336,2,1,0,0,0,1,.500,1.167
701538,663738,1,0,0,0,0,0,.000,.000
701538,693313,1,1,1,1,0,0,1.000,5.000
701538,669467,7,1,0,1,2,2,.143,.619
657757,669302,13,4,1,1,6,1,.308,1.049
701538,607259,10,0,0,0,1,1,.000,.091
657757,676083,4,2,0,0,1,0,.500,1.250
701538,687792,4,2,0,0,1,0,.500,1.000
701538,669358,5,0,0,0,0,0,.000,.000
701538,663567,3,1,1,3,1,0,.333,1.583
701538,607536,5,1,0,0,1,0,.200,.400
701538,453286,3,0,0,0,1,0,.000,.000
701538,640455,8,3,1,2,1,0,.375,1.250
701538,579328,6,2,0,1,2,0,.333,.666
701538,694819,3,0,0,0,2,0,.000,.000
701538,641743,3,0,0,0,1,0,.000,.000
701538,554430,9,2,2,3,5,1,.222,1.189
701538,676083,2,0,0,0,1,0,.000,.000
701538,669302,6,0,0,0,1,0,.000,.000
701538,682227,3,0,0,0,0,0,.000,.000
701538,702275,4,1,0,0,1,0,.250,.750
701538,665152,4,2,1,1,0,1,.500,1.850
630105,669358,2,1,1,2,0,0,.500,2.500
701538,669022,9,2,0,0,1,0,.222,.444
630105,663567,8,3,0,1,0,0,.375,.708
630105,669467,8,4,1,2,0,0,.500,1.500
630105,647336,1,0,0,1,0,0,.000,.000
630105,607259,10,2,0,2,2,0,.200,.500
630105,686751,1,0,0,0,0,0,.000,.000
630105,693313,1,0,0,0,0,0,.000,.000
630105,453286,17,0,0,0,5,2,.000,.105
630105,579328,6,3,0,0,1,2,.500,1.167
630105,663738,1,1,0,0,0,0,1.000,2.000
630105,687792,4,0,0,0,1,0,.000,.000
630105,665152,9,2,0,1,4,0,.222,.555
630105,702275,1,0,0,0,1,1,.000,.500
630105,640455,14,2,0,1,2,1,.143,.414
630105,641743,2,0,0,0,1,0,.000,.000
630105,554430,14,2,0,0,4,0,.143,.486
630105,682227,2,0,0,0,0,0,.000,.000
687749,693313,1,0,0,0,0,0,.000,.000
630105,669302,12,2,1,1,1,1,.167,.648
630105,676083,3,2,0,0,1,0,.667,1.334
630105,681190,1,1,0,0,0,1,1.000,2.000
630105,669022,6,3,0,2,2,4,.500,1.533
630105,607536,35,9,0,7,6,1,.257,.653
687749,640455,2,0,0,0,0,0,.000,.000
687749,669022,2,0,0,0,1,0,.000,.000
669134,607259,8,1,0,0,1,0,.125,.250
669134,663567,7,2,1,1,2,1,.286,1.089
669134,669358,2,0,0,0,2,0,.000,.000
669134,607536,6,3,1,2,0,0,.500,1.500
669134,702275,2,1,0,0,0,0,.500,1.000
592518,647336,8,0,0,0,3,1,.000,.111
669134,676083,2,0,0,0,1,0,.000,.000
592518,663567,16,5,0,0,1,1,.313,.728
592518,669467,14,3,0,1,5,0,.214,.500
669134,682227,2,0,0,0,2,0,.000,.000
592518,669358,7,2,0,0,0,1,.286,.804
592518,663738,3,2,0,1,0,0,.667,1.334
592518,607259,17,5,0,3,3,0,.294,.823
592518,687792,3,1,0,0,1,1,.333,.833
592518,693313,2,1,0,0,0,0,.500,1.000
592518,579328,13,4,2,4,1,2,.308,1.169
592518,640455,24,8,0,1,6,1,.333,.818
592518,702275,5,1,1,1,1,0,.200,1.000
592518,665152,7,1,0,0,1,2,.143,.476
592518,694819,3,0,0,0,0,0,.000,.000
669392,669358,3,1,0,0,0,0,.333,.666
592518,641743,2,2,1,1,0,0,1.000,3.500
592518,453286,57,10,4,10,21,1,.175,.624
592518,669022,10,3,1,3,2,3,.300,1.162
592518,607536,56,18,0,2,8,7,.321,.843
592518,669302,15,2,0,0,4,3,.133,.478
592518,554430,23,5,1,2,5,1,.217,.598
592518,676083,3,1,0,1,0,0,.333,1.000
592518,682227,2,0,0,0,1,0,.000,.000
669392,640455,1,1,0,0,0,1,1.000,2.000
669392,607536,2,0,0,0,0,0,.000,.000
669392,669467,3,1,0,0,0,0,.333,.666
669392,702275,2,1,0,1,1,1,.500,1.167
823550,693313,1,0,0,0,1,0,.000,.000
669392,669022,3,1,0,0,1,0,.333,.666
669392,682227,2,0,0,0,0,1,.000,.333
823550,702275,1,1,0,1,0,1,1.000,2.000
823550,676083,2,0,0,0,2,0,.000,.000
664034,453286,2,0,0,0,0,0,.000,.333
664034,669467,7,2,0,2,0,0,.286,.572
664034,607259,9,5,1,3,1,0,.556,1.667
664034,663567,4,1,0,0,0,1,.250,.900
664034,663738,6,4,0,1,1,0,.667,1.714
664034,669358,1,0,0,0,1,0,.000,.500
664034,702275,1,0,0,0,1,0,.000,.000
664034,694819,2,1,0,0,1,0,.500,1.000
593428,669358,6,1,0,0,2,2,.167,.542
664034,554430,2,0,0,0,1,1,.000,.333
664034,665152,18,3,0,1,4,1,.167,.378
664034,682227,2,2,1,2,0,1,1.000,3.500
664034,676083,4,2,0,0,1,0,.500,1.000
593428,693313,2,1,0,0,1,0,.500,1.500
664034,669022,6,1,0,0,2,1,.167,.453
664034,641743,3,2,0,0,0,0,.667,1.334
664034,640455,14,2,0,1,6,0,.143,.286
664034,607536,13,4,0,1,2,0,.308,.823
664034,579328,12,3,0,1,4,2,.250,.690
593428,663567,11,3,1,4,1,1,.273,.878
593428,669467,12,2,0,0,4,1,.167,.398
593428,694819,3,0,0,0,1,0,.000,.000
593428,663738,4,1,0,0,1,0,.250,.750
593428,686751,1,0,0,0,0,0,.000,.000
593428,647336,3,1,0,0,0,0,.333,.666
593428,687792,3,1,0,0,0,0,.333,.666
593428,579328,13,4,2,4,2,0,.308,1.077
593428,607259,16,5,1,2,2,1,.313,.889
593428,453286,16,3,0,0,6,0,.188,.423
593428,702275,4,0,0,0,3,1,.000,.200
593428,641743,4,1,0,0,0,0,.250,.500
593428,681190,2,1,0,0,0,1,.500,1.167
593428,607536,15,7,0,0,3,4,.467,1.179
593428,640455,19,8,1,6,4,3,.421,1.162
593428,665152,16,5,0,3,1,3,.313,.838
593428,682227,5,2,0,0,0,0,.400,.800
593428,669022,9,4,2,6,4,1,.444,1.611
696030,669467,1,0,0,0,0,1,.000,.500
696030,647336,4,0,0,0,1,0,.000,.000
696030,663567,2,1,0,0,0,0,.500,1.167
593428,554430,13,3,1,1,2,1,.231,.824
593428,669302,10,3,0,1,3,0,.300,.673
696030,695684,1,0,0,0,0,1,.000,.750
696030,681190,5,1,0,2,1,0,.200,.600
696030,641743,2,1,0,0,1,0,.500,1.000
696030,669302,2,1,0,0,0,0,.500,1.500
696030,800048,3,0,0,0,1,0,.000,.000
696030,676083,3,1,0,0,1,0,.333,.666
607043,669358,6,2,0,0,1,0,.333,.666
607043,663567,8,0,0,0,4,2,.000,.200
607043,687792,4,1,0,0,1,2,.250,.750
607043,663738,2,0,0,0,0,0,.000,.000
607043,693313,1,1,1,1,0,0,1.000,5.000
607043,647336,17,5,1,1,1,1,.294,.804
607043,695684,2,1,0,0,0,1,.500,1.167
607043,800048,3,0,0,0,1,0,.000,.000
607043,453286,29,8,2,4,14,7,.276,.957
607043,694819,3,2,1,4,1,0,.667,2.334
607043,579328,2,0,0,1,1,0,.000,.000
607043,607259,13,3,0,2,3,0,.231,.539
607043,669467,18,2,0,0,2,0,.111,.278
607043,665152,4,0,0,0,0,2,.000,.333
607043,702275,1,0,0,0,0,0,.000,.000
607043,554430,50,15,2,5,8,1,.300,.854
607043,681190,3,2,0,1,1,0,.667,2.000
607043,641743,7,3,0,0,2,0,.429,1.000
607043,683003,2,0,0,0,2,0,.000,.000
607043,669022,17,5,0,3,3,1,.294,.745
607043,607536,17,6,1,4,4,0,.353,.941
683227,607259,2,0,0,0,0,0,.000,.000
607043,669302,17,3,2,2,5,1,.176,.751
607043,682227,5,2,0,0,1,0,.400,.800
607043,640455,10,4,0,1,4,1,.400,.955
683227,663738,1,0,0,0,0,0,.000,.000
683227,579328,3,1,0,2,0,0,.333,1.250
608369,607259,3,2,0,0,1,0,.667,1.334
683227,676083,2,0,0,0,0,0,.000,.000
608369,663738,4,1,0,1,2,1,.250,.650
608369,663567,7,3,1,2,0,0,.429,1.286
608369,669467,3,1,0,1,2,1,.333,1.167
608369,695684,3,0,0,0,1,2,.000,.400
683227,641743,2,1,0,0,0,0,.500,1.000
608369,647336,7,0,0,0,1,2,.000,.222
608369,669358,7,1,0,2,3,2,.143,.619
608369,665152,8,4,0,0,1,1,.500,1.056
608369,640455,12,3,1,1,4,0,.250,.750
608369,579328,19,6,1,2,3,6,.316,.954
608369,800048,3,1,1,2,0,0,.333,1.666
608369,641743,3,0,0,0,1,0,.000,.000
608369,607536,23,14,1,4,3,1,.609,1.451
608369,669022,3,0,0,1,1,0,.000,.000
608369,453286,9,1,0,0,1,1,.111,.555
608369,554430,15,5,0,1,3,2,.333,.812
643376,695684,2,0,0,0,0,0,.000,.000
643376,669358,2,0,0,0,0,0,.000,.000
643376,453286,3,0,0,0,2,0,.000,.000
643376,607259,2,0,0,0,1,1,.000,.333
643376,647336,2,0,0,0,0,0,.000,.000
608369,669302,36,11,1,3,6,3,.306,.903
643376,663738,3,1,0,2,1,2,.333,1.167
608369,681190,2,1,0,0,0,1,.500,1.167
643376,669022,2,0,0,0,1,1,.000,.333
643376,665152,7,2,2,3,3,2,.286,1.587
643376,579328,7,1,0,0,2,2,.143,.476
643376,669302,5,0,0,0,1,0,.000,.000
643376,554430,3,0,0,0,1,0,.000,.000
643376,641743,2,1,1,2,1,0,.500,2.500
643376,640455,1,1,0,0,0,2,1.000,3.000
643376,681190,2,0,0,0,0,0,.000,.000
643376,607536,2,0,0,0,2,0,.000,.000
553869,693313,2,0,0,0,0,1,.000,.333
643376,676083,1,0,0,0,1,0,.000,.000
553869,669358,5,1,0,0,3,0,.200,.400
553869,663567,4,1,0,0,1,0,.250,.500
553869,647336,4,1,0,1,0,1,.250,.650
553869,453286,7,0,0,0,2,0,.000,.000
553869,640455,15,2,1,3,1,0,.133,.458
553869,669467,4,1,0,0,2,0,.250,.500
553869,607259,10,4,1,2,2,0,.400,1.200
553869,663738,5,0,0,0,1,0,.000,.000
553869,579328,13,4,1,5,3,0,.308,1.055
553869,683003,3,1,0,0,0,0,.333,1.000
553869,607536,11,2,0,0,1,1,.182,.432
553869,686751,1,0,0,0,1,0,.000,.000
694497,669358,4,0,0,0,1,0,.000,.000
553869,681190,7,1,0,3,0,0,.143,.268
694497,663567,7,1,0,1,3,0,.143,.286
694497,607259,3,1,0,0,1,0,.333,.666
553869,669022,5,3,1,2,0,2,.600,1.914
553869,682227,3,1,1,1,0,1,.333,1.833
694497,669467,2,0,0,0,2,0,.000,.000
694497,693313,1,0,0,0,0,0,.000,.000
694497,695684,4,1,0,0,0,1,.250,.900
553869,641743,2,0,0,0,1,0,.000,.000
553869,669302,2,0,0,0,1,0,.000,.000
694497,663738,3,0,0,0,1,0,.000,.250
694497,647336,4,0,0,0,2,0,.000,.000
694497,800048,2,1,0,0,1,0,.500,1.000
553869,554430,9,0,0,0,3,0,.000,.000
694497,579328,2,0,0,0,1,0,.000,.000
694497,554430,3,0,0,0,0,0,.000,.000
694497,669302,21,3,0,1,10,1,.143,.407
677649,669467,5,1,0,0,1,0,.200,.400
677649,695684,3,3,0,1,0,2,1.000,2.000
677649,693313,1,0,0,0,0,0,.000,.000
677649,669358,2,0,0,0,2,1,.000,.333
677649,663567,8,4,1,2,2,0,.500,1.500
677649,647336,3,1,0,0,2,0,.333,.666
677649,663738,3,2,0,0,0,1,.667,1.417
694497,681190,3,1,0,0,0,0,.333,.666
677649,640455,4,0,0,0,1,1,.000,.200
677649,607259,5,2,1,1,1,0,.400,1.400
677649,800048,5,0,0,0,1,1,.000,.167
677649,579328,12,1,1,1,3,0,.083,.487
677649,607536,6,2,1,3,2,0,.333,1.166
677649,641743,4,2,0,1,0,1,.500,1.350
677649,554430,5,1,0,1,1,0,.200,.400
669394,669358,5,0,0,0,1,0,.000,.000
669394,693313,1,0,0,0,0,0,.000,.000
669394,695684,4,0,0,0,1,1,.000,.200
669394,647336,5,0,0,0,2,1,.000,.167
669394,669467,3,1,0,2,0,2,.333,1.267
669394,663567,7,2,1,2,3,0,.286,1.000
669394,800048,5,1,0,2,2,0,.200,.400
677649,669302,16,1,0,1,7,0,.063,.122
669394,663738,3,1,0,1,1,0,.333,.917
669394,607259,6,1,0,0,2,2,.167,.542
669394,687792,4,1,0,0,2,0,.250,.500
669394,665152,3,1,0,0,0,0,.333,1.000
669394,683003,2,1,0,1,0,1,.500,1.667
669394,641743,4,1,1,1,2,1,.250,1.400
669394,579328,8,1,0,0,2,0,.125,.250
669394,676083,4,0,0,0,1,0,.000,.000
669394,640455,11,3,2,3,3,0,.273,1.182
669394,669302,15,4,0,2,6,3,.267,.789
669394,681190,7,2,0,3,0,0,.286,.857
669394,554430,14,2,0,0,3,1,.143,.343
669394,686751,2,0,0,0,0,0,.000,.000
669394,702275,1,0,0,0,0,0,.000,.000
669394,682227,3,0,0,0,1,0,.000,.000
669394,607536,8,3,1,1,3,0,.375,1.125
679822,663567,2,0,0,0,0,0,.000,.000
669394,669022,6,2,0,1,1,1,.333,.875
679822,579328,5,0,0,0,1,0,.000,.000
679822,640455,2,0,0,0,1,0,.000,.333
679822,800048,6,1,0,1,2,0,.167,.500
679822,665152,2,0,0,0,1,0,.000,.000
679822,607536,3,1,0,0,2,0,.333,.666
679822,641743,5,1,0,0,0,0,.200,.533
681351,669358,4,0,0,0,3,0,.000,.000
681351,647336,3,0,0,0,1,0,.000,.000
681351,607259,4,0,0,0,1,0,.000,.000
681351,453286,5,4,2,2,1,0,.800,2.800
681351,663738,2,0,0,0,0,0,.000,.000
681351,663567,4,2,1,1,0,0,.500,1.750
681351,676083,3,1,0,0,2,0,.333,.666
681351,665152,3,1,0,0,2,1,.333,1.167
681351,579328,7,2,1,1,3,0,.286,1.000
681351,641743,2,0,0,0,0,0,.000,.000
681351,607536,9,2,1,1,4,0,.222,.778
681351,682227,2,0,0,0,0,0,.000,.000
681351,669302,9,3,2,3,2,0,.333,1.333
681351,669022,4,0,0,0,3,0,.000,.000
680737,800048,2,0,0,0,0,0,.000,.000
680737,579328,4,1,1,2,1,0,.250,1.250
670032,663567,2,0,0,0,0,0,.000,.000
680737,676083,2,0,0,0,1,0,.000,.000
670032,669358,2,0,0,0,0,0,.000,.000
670032,693313,1,1,0,0,0,0,1.000,2.000
680737,607536,2,0,0,0,0,0,.000,.000
670032,669467,2,0,0,0,1,0,.000,.000
670032,453286,5,1,0,0,1,0,.200,.400
670032,607536,3,1,0,0,0,0,.333,.666
670032,579328,11,3,0,1,2,1,.273,.606
670032,800048,3,2,0,1,0,0,.667,1.334
670032,640455,7,2,0,1,1,0,.286,.572
670032,554430,5,0,0,1,1,1,.000,.167
670032,641743,2,1,0,1,0,0,.500,2.000
670032,676083,2,0,0,0,1,0,.000,.000
670032,681190,3,1,0,0,0,0,.333,.666
694671,669467,3,2,0,0,1,0,.667,1.334
694671,669358,9,1,0,1,2,0,.111,.333
694671,663567,5,1,0,0,2,1,.200,.533
694671,665152,2,0,0,0,0,1,.000,.333
694671,647336,3,0,0,0,1,0,.000,.000
670032,669302,14,6,0,4,1,0,.429,.858
694671,800048,3,1,0,0,1,0,.333,1.000
694671,640455,3,0,0,2,2,0,.000,.200
694671,607259,3,0,0,0,0,0,.000,.000
694671,669022,2,0,0,0,1,0,.000,.000
694671,663738,1,0,0,0,0,0,.000,.000
694671,641743,4,1,0,0,0,2,.250,.750
694671,669302,21,5,0,1,9,3,.238,.666
663728,669358,6,1,0,0,3,0,.167,.334
694671,554430,2,0,0,0,0,0,.000,.000
694671,681190,3,1,0,1,0,0,.333,1.000
694671,579328,14,5,0,0,2,4,.357,.929
663728,663567,6,0,0,0,2,1,.000,.143
694671,702275,1,0,0,0,1,0,.000,.000
663728,669467,2,0,0,0,1,1,.000,.333
694671,607536,3,1,0,0,0,0,.333,.666
663728,579328,11,4,0,2,2,2,.364,.974
663728,554430,4,3,2,3,0,2,.750,3.333
663728,694819,2,0,0,0,1,0,.000,.000
663728,663738,7,3,2,3,2,1,.429,1.786
663728,665152,11,1,0,0,3,0,.091,.182
663728,607259,8,2,1,1,1,1,.250,.958
663728,453286,4,1,0,0,2,1,.250,.900
663728,640455,7,1,1,3,2,0,.143,.714
663728,686751,3,0,0,0,2,0,.000,.000
663728,641743,3,0,0,0,2,0,.000,.000
702284,669358,4,1,0,1,0,1,.250,.900
702284,607259,2,1,1,1,0,0,.500,2.500
663728,669022,13,2,0,0,4,0,.154,.368
702284,663567,6,1,0,1,1,0,.167,.334
663728,681190,2,1,0,0,0,1,.500,1.667
663728,676083,2,0,0,0,1,1,.000,.333
702284,669467,2,1,0,1,1,0,.500,1.000
702284,663738,2,1,0,0,1,0,.500,1.000
702284,579328,2,0,0,0,2,0,.000,.000
702284,694819,1,1,0,0,0,0,1.000,2.000
702284,453286,2,0,0,0,1,0,.000,.000
702284,681190,3,1,0,0,1,1,.333,1.167
702284,641743,3,0,0,0,1,1,.000,.250
702284,676083,1,0,0,0,0,1,.000,.500
702284,665152,3,0,0,0,2,0,.000,.000
702284,702275,2,0,0,0,0,0,.000,.000
702284,686751,1,0,0,0,0,0,.000,.000
686527,669358,3,0,0,0,2,2,.000,.400
702284,669022,5,2,0,0,1,0,.400,.800
702284,554430,3,1,1,1,0,0,.333,1.666
702284,640455,3,1,0,0,0,1,.333,1.167
686527,453286,3,0,0,0,2,0,.000,.000
686527,579328,1,0,0,0,0,2,.000,.667
686527,669467,3,1,0,2,1,0,.333,.666
686527,640455,3,0,0,0,1,0,.000,.000
686527,607259,3,1,0,0,0,0,.333,1.000
686527,663738,2,2,1,1,0,0,1.000,3.500
686527,663567,5,2,0,2,3,1,.400,.900
686527,686751,2,0,0,0,1,0,.000,.000
686527,694819,1,0,0,0,1,0,.000,.000
686527,665152,4,1,0,0,0,1,.250,.650
686527,702275,2,1,0,0,1,1,.500,1.167
686527,676083,3,1,0,0,0,0,.333,.666
686527,669302,3,2,0,0,0,0,.667,1.667
686527,554430,3,1,0,0,1,0,.333,.666
686527,681190,4,2,0,2,0,0,.500,1.250
641487,669358,6,0,0,0,1,0,.000,.000
686527,669022,3,1,0,2,1,0,.333,1.000
641487,669467,2,0,0,0,1,1,.000,.333
641487,663567,5,1,0,3,1,0,.200,.800
641487,607259,9,5,0,1,2,0,.556,1.334
641487,694819,2,0,0,0,1,0,.000,.000
641487,579328,18,3,0,1,2,1,.167,.378
641487,702275,1,0,0,0,0,2,.000,.667
641487,453286,9,3,0,1,2,1,.333,.844
641487,640455,26,6,0,0,10,2,.231,.517
641487,663738,13,4,0,2,1,0,.308,.693
641487,607536,3,1,0,1,1,0,.333,.666
641487,554430,3,1,0,3,0,0,.333,1.333
641487,681190,2,0,0,0,0,0,.000,.000
641487,641743,3,0,0,0,0,0,.000,.000
641487,665152,15,2,1,1,4,0,.133,.466
640902,663738,1,0,0,0,1,0,.000,.000
641487,669022,10,3,2,3,3,0,.300,1.200
641487,686751,2,0,0,0,0,0,.000,.000
641487,676083,3,1,0,0,1,1,.333,.833
640902,800048,2,0,0,0,2,0,.000,.000
640902,554430,2,0,0,0,0,0,.000,.000
640902,669022,2,0,0,0,0,0,.000,.000
640902,681190,2,0,0,0,1,0,.000,.000
647304,663567,7,1,0,1,1,1,.143,.508
647304,607259,7,1,0,1,1,1,.143,.393
647304,669358,6,2,0,0,0,0,.333,.666
647304,669467,8,2,1,1,1,3,.250,1.080
647304,647336,9,6,2,4,1,1,.667,2.256
647304,663738,10,3,0,2,3,1,.300,.764
647304,453286,8,1,0,0,3,0,.125,.250
647304,641743,4,0,0,0,1,1,.000,.200
647304,579328,11,4,0,2,2,0,.364,.819
647304,640455,4,0,0,0,0,0,.000,.000
647304,681190,5,1,0,0,1,2,.200,.629
647304,669302,11,5,1,2,1,0,.455,1.144
647304,686751,2,0,0,0,0,0,.000,.000
677594,669467,3,0,0,0,0,0,.000,.000
647304,665152,12,7,1,6,1,1,.583,1.488
647304,554430,6,4,0,0,1,0,.667,1.334
677594,669358,3,0,0,0,1,0,.000,.000
647304,702275,3,1,0,0,0,0,.333,.666
647304,669022,2,0,0,0,0,1,.000,.333
647304,676083,2,1,0,0,0,0,.500,1.000
677594,607259,6,1,0,0,1,0,.167,.334
677594,663567,8,4,1,1,2,0,.500,1.500
677594,663738,5,2,1,2,0,2,.400,1.571
677594,453286,8,2,1,1,3,0,.250,.875
677594,554430,3,2,1,3,0,0,.667,2.334
677594,702275,2,0,0,0,0,1,.000,.333
677594,640455,9,3,1,4,2,0,.333,1.111
677594,686751,2,1,0,0,1,0,.500,1.500
677594,694819,2,1,0,0,1,0,.500,1.000
677594,579328,20,5,1,1,7,1,.250,.686
677594,641743,5,3,0,0,0,0,.600,1.200
677594,669022,13,2,0,0,2,1,.154,.368
677594,665152,10,5,1,1,2,1,.500,1.445
677594,681190,6,0,0,0,2,0,.000,.000
677594,676083,1,1,0,1,0,0,1.000,2.000
660844,669467,2,0,0,0,0,0,.000,.000
660844,663738,2,0,0,0,1,0,.000,.000
660844,640455,1,0,0,0,0,1,.000,.500
660844,702275,1,0,0,0,1,0,.000,.500
660844,669022,2,0,0,0,0,0,.000,.000
660844,681190,1,0,0,0,0,1,.000,.500
703197,686751,1,1,0,0,0,0,1.000,3.000
668227,663567,7,3,0,0,4,1,.429,1.127
668227,607259,5,3,0,1,0,2,.600,1.514
668227,669358,3,2,0,0,1,0,.667,1.334
668227,702275,2,1,0,0,0,1,.500,1.167
668227,669022,11,3,1,2,5,0,.273,.909
668227,647336,2,1,1,2,1,1,.500,2.667
668227,453286,5,0,0,0,2,0,.000,.000
668227,554430,14,1,0,1,7,2,.071,.306
668227,694819,2,1,0,0,1,0,.500,1.500
668227,669467,4,2,0,1,2,0,.500,1.250
668227,663738,6,0,0,0,2,1,.000,.143
668227,665152,12,4,2,4,3,0,.333,1.166
668227,579328,30,7,3,4,11,4,.233,.857
668227,640455,11,5,0,1,2,2,.455,1.083
668227,669302,11,4,0,3,6,0,.364,1.091
668227,641743,6,1,0,0,1,1,.167,.542
668227,681190,4,2,0,0,0,1,.500,1.350
668227,686751,2,1,0,1,1,0,.500,1.000
668227,683003,2,0,0,0,2,1,.000,.333
621493,663738,4,0,0,0,1,1,.000,.200
621493,669358,6,0,0,0,2,0,.000,.000
621493,663567,6,0,0,0,3,1,.000,.143
668227,676083,3,2,1,3,0,1,.667,2.750
621493,647336,2,1,0,2,1,0,.500,1.167
621493,607259,5,0,0,0,1,0,.000,.000
621493,579328,16,5,2,4,2,0,.313,1.063
621493,453286,5,2,0,0,2,2,.400,.971
621493,800048,2,0,0,0,0,1,.000,.333
621493,665152,7,1,0,0,1,0,.143,.286
621493,686751,1,1,0,1,0,0,1.000,3.000
621493,669302,28,8,1,2,8,1,.286,.787
621493,554430,5,1,0,0,2,2,.200,.629
621493,607536,11,2,0,0,4,0,.182,.364
645302,607259,1,1,0,0,0,0,1.000,2.000
621493,669022,4,1,0,0,1,1,.250,.650
621493,640455,12,3,0,0,3,0,.250,.500
645302,647336,10,0,0,0,3,0,.000,.000
645302,669358,3,1,0,0,1,0,.333,.666
645302,579328,4,1,0,0,1,1,.250,.650
645302,663738,3,1,0,1,1,0,.333,1.000
621493,676083,2,1,0,0,1,0,.500,1.500
645302,663567,5,0,0,0,3,0,.000,.000
621493,681190,5,1,1,1,1,1,.200,1.133
645302,453286,7,0,0,0,2,0,.000,.000
645302,665152,2,0,0,0,0,0,.000,.000
645302,640455,5,1,0,0,0,0,.200,.600
642215,669358,1,0,0,0,1,1,.000,.500
645302,607536,11,4,0,0,2,0,.364,.819
645302,554430,29,6,0,1,7,2,.207,.499
645302,676083,3,1,0,1,1,0,.333,.666
642215,640455,6,0,0,0,2,0,.000,.000
642215,663738,1,0,0,0,1,0,.000,.000
642215,686751,1,1,0,1,0,0,1.000,2.000
642215,554430,2,0,0,0,2,0,.000,.000
642215,579328,2,0,0,0,0,0,.000,.000
675961,663738,1,0,0,0,0,0,.000,.000
642215,607536,1,0,0,0,1,1,.000,.500
675961,607259,3,1,0,0,1,0,.333,.666
642215,669022,12,5,1,2,4,1,.417,1.129
675961,669467,1,1,0,0,0,1,1.000,2.000
675961,607536,3,3,0,1,0,0,1.000,2.667
675961,579328,2,0,0,0,0,0,.000,.000
675961,682227,2,1,0,1,1,0,.500,1.000
675961,669022,7,4,0,0,2,0,.571,1.285
661531,607259,8,0,0,0,2,2,.000,.200
675961,554430,2,0,0,0,1,0,.000,.000
661531,669467,1,0,0,0,0,0,.000,.000
675961,669302,1,1,1,1,0,1,1.000,5.000
661531,453286,2,0,0,1,2,0,.000,.000
661531,640455,2,0,0,0,0,1,.000,.333
661531,669022,4,2,0,0,1,1,.500,1.350
666126,669467,1,0,0,0,0,1,.000,.500
661531,554430,2,0,0,0,1,0,.000,.000
666126,663567,3,0,0,0,1,1,.000,.250
666126,669358,4,1,0,0,0,0,.250,.500
666126,607259,7,1,0,2,2,0,.143,.429
666126,663738,1,0,0,0,0,0,.000,.000
666126,683003,2,0,0,0,1,0,.000,.000
666126,554430,3,0,0,0,0,0,.000,.000
672016,669358,3,0,0,0,1,0,.000,.000
666126,669302,8,4,0,0,3,1,.500,1.056
672016,453286,2,0,0,0,2,0,.000,.000
672016,640455,1,0,0,0,0,0,.000,.000
672016,554430,2,0,0,0,1,0,.000,.000
672016,579328,4,0,0,0,1,0,.000,.000
672016,669022,4,1,0,0,1,0,.250,.750
672016,663738,1,0,0,0,0,0,.000,.000
672016,665152,2,1,0,0,1,0,.500,1.000
622268,663567,2,1,0,0,1,0,.500,1.000
622268,669467,1,1,0,0,0,0,1.000,3.000
622268,607259,5,1,0,0,0,0,.200,.400
622268,669358,2,1,0,1,0,0,.500,1.167
622268,669302,2,0,0,0,1,0,.000,.000
622268,665152,2,0,0,0,0,0,.000,.000
622268,607536,3,1,0,0,0,0,.333,.666
703607,607259,6,2,1,1,1,0,.333,1.166
703607,669358,3,1,0,0,0,0,.333,.666
703607,663567,5,3,0,0,2,0,.600,1.400
703607,663738,2,0,0,0,0,0,.000,.000
703607,607536,3,2,0,0,0,0,.667,1.334
703607,579328,3,1,0,0,1,0,.333,1.000
703607,669022,5,3,1,3,1,1,.600,2.067
643446,663567,6,2,1,3,3,0,.333,1.333
643446,669358,7,1,0,0,0,0,.143,.393
703607,669302,5,0,0,0,3,1,.000,.167
643446,607259,9,2,0,0,1,1,.222,.586
703607,683003,2,1,0,0,0,0,.500,1.500
643446,663738,3,1,0,0,0,0,.333,.666
643446,669467,9,2,0,0,1,0,.222,.444
643446,800048,2,1,0,0,0,0,.500,1.000
643446,694819,2,1,0,0,0,0,.500,1.000
643446,687792,2,0,0,0,1,0,.000,.000
643446,453286,22,5,0,1,4,1,.227,.610
643446,647336,11,2,1,3,1,0,.182,.795
643446,579328,2,0,0,0,1,0,.000,.000
643446,665152,3,0,0,0,0,1,.000,.250
643446,607536,1,0,0,0,0,1,.000,.500
643446,669022,20,9,0,1,2,2,.450,.950
643446,640455,6,2,0,1,0,1,.333,.833
641680,669467,2,1,0,1,0,0,.500,1.000
643446,669302,13,4,1,3,4,0,.308,.846
641680,663738,3,1,0,0,0,2,.333,1.267
641680,663567,2,0,0,0,0,1,.000,.333
643446,554430,38,7,0,1,9,2,.184,.428
643446,683003,4,2,1,3,1,0,.500,1.750
641680,607259,4,0,0,0,0,0,.000,.000
641680,800048,3,1,0,0,0,0,.333,.666
641680,640455,2,0,0,0,0,0,.000,.000
643446,682227,3,0,0,0,0,0,.000,.250
643446,681190,1,0,0,0,0,0,.000,.000
641680,669358,6,2,1,2,1,1,.333,1.262
641680,579328,18,6,0,5,3,2,.333,.733
641680,554430,5,1,0,0,1,3,.200,.700
643446,641743,1,1,0,1,0,0,1.000,3.000
641680,665152,7,3,1,4,2,0,.429,1.286
641680,607536,8,1,1,2,3,0,.125,.625
641680,681190,3,0,0,0,0,0,.000,.000
811965,663567,1,0,0,0,1,0,.000,.000
641680,669022,8,3,0,1,1,1,.375,.944
641680,669302,31,6,1,4,12,3,.194,.588
641680,676083,5,0,0,0,0,0,.000,.000
811965,579328,2,0,0,0,1,0,.000,.000
671732,669358,13,2,0,2,5,2,.154,.498
671732,663738,3,1,1,1,1,0,.333,1.666
671732,663567,2,1,0,0,1,0,.500,1.000
671732,453286,3,0,0,0,1,0,.000,.000
671732,640455,1,0,0,0,1,0,.000,.000
671732,607259,8,2,1,2,3,0,.250,.875
671732,669467,2,0,0,0,0,0,.000,.000
671732,579328,7,2,0,1,1,0,.286,.857
671732,689981,3,0,0,0,1,0,.000,.000
671732,665152,3,2,0,1,1,0,.667,1.667
671732,683003,2,1,0,0,0,0,.500,1.000
671732,669022,7,1,0,1,2,1,.143,.393
671732,554430,4,1,0,0,1,1,.250,.650
671732,669302,11,2,0,1,3,2,.182,.581
671732,681190,2,0,0,0,0,0,.000,.000
683021,669022,3,0,0,0,2,2,.000,.400
683021,607536,2,1,0,0,0,0,.500,1.000
683021,665152,1,1,0,0,0,0,1.000,2.000
669127,607259,4,1,0,0,1,0,.250,.750
669127,663567,5,1,0,0,0,0,.200,.400
669127,669467,3,1,0,2,2,0,.333,1.000
669127,453286,5,1,0,0,0,0,.200,.600
669127,689981,1,0,0,0,1,1,.000,.500
669127,669358,12,6,1,3,2,0,.500,1.379
669127,647336,2,0,0,0,1,0,.000,.333
669127,663738,1,1,0,0,0,0,1.000,3.000
669127,681190,1,0,0,0,0,1,.000,.500
669127,665152,3,0,0,0,1,0,.000,.000
669127,669022,10,4,1,1,4,1,.400,1.155
669127,640455,2,0,0,0,2,0,.000,.000
669127,607536,5,3,0,1,0,0,.600,2.000
669127,683003,2,1,0,0,0,1,.500,1.167
669127,579328,11,4,1,1,2,0,.364,1.182
669127,554430,5,0,0,0,3,0,.000,.000
695720,669358,3,0,0,0,0,0,.000,.000
669127,669302,26,4,2,4,10,0,.154,.539
695720,663738,2,1,0,1,0,0,.500,1.000
695720,579328,2,2,0,0,0,0,1.000,2.000
695720,669022,3,1,0,0,1,0,.333,.666
695720,607259,5,2,1,1,0,0,.400,1.400
680869,663738,1,0,0,0,0,1,.000,.500
680869,669467,2,0,0,0,1,0,.000,.000
680869,669358,7,1,0,0,5,1,.143,.393
680869,800048,2,1,1,1,0,0,.500,2.500
680869,579328,3,0,0,0,0,1,.000,.250
680869,663567,4,3,1,1,0,1,.750,2.300
680869,453286,4,0,0,0,2,1,.000,.200
680869,607259,8,2,0,0,3,0,.250,.500
680869,689981,1,0,0,0,1,1,.000,.500
680869,640455,1,0,0,0,1,0,.000,.000
680869,554430,2,1,0,0,1,0,.500,1.500
680869,669022,11,2,0,0,3,0,.182,.364
680869,669302,11,5,2,3,3,0,.455,1.728
680869,607536,6,2,1,2,1,0,.333,1.166
672386,669467,6,2,0,0,0,0,.333,.833
672386,453286,2,1,0,0,0,0,.500,1.000
680869,683003,2,0,0,0,1,0,.000,.000
672386,647336,4,1,0,1,0,0,.250,.750
680869,681190,1,0,0,0,0,0,.000,.000
672386,607259,6,4,1,4,1,0,.667,2.000
672386,640455,3,0,0,0,1,0,.000,.000
672386,663567,1,0,0,0,1,0,.000,.000
672386,663738,9,4,0,3,1,1,.444,1.056
672386,669358,6,1,0,0,1,2,.167,.542
672386,579328,3,0,0,0,0,0,.000,.000
672386,607536,2,0,0,0,0,2,.000,.500
672386,669302,15,6,1,5,2,0,.400,1.171
672386,665152,19,6,0,4,1,3,.316,.759
672386,554430,13,2,0,1,1,0,.154,.297
672386,686751,1,1,0,1,0,0,1.000,2.000
672386,676083,3,1,0,1,0,0,.333,1.000
672386,669022,6,1,0,0,0,1,.167,.453
665926,669358,8,3,0,1,1,0,.375,.875
672386,681190,4,0,0,0,1,0,.000,.000
672386,682227,3,1,0,0,0,0,.333,.666
665926,663567,3,1,0,0,0,0,.333,1.000
665926,669467,4,0,0,0,2,0,.000,.000
665926,607259,9,4,0,1,0,0,.444,.888
665926,663738,9,3,0,2,0,0,.333,.733
665926,665152,8,2,2,6,1,0,.250,1.222
665926,647336,11,4,2,2,2,2,.364,1.500
665926,554430,17,4,1,1,4,0,.235,.787
665926,669302,13,3,0,0,4,1,.231,.594
665926,453286,4,1,0,0,2,0,.250,1.000
665926,579328,7,0,0,0,1,1,.000,.125
665926,607536,2,0,0,0,1,0,.000,.000
665926,694819,2,1,1,1,1,0,.500,2.500
665926,641743,5,0,0,0,1,0,.000,.000
665926,669022,5,2,0,1,1,0,.400,.800
665926,676083,3,0,0,0,1,0,.000,.250
678218,663567,2,0,0,0,1,1,.000,.333
678218,669358,2,0,0,1,1,1,.000,.333
678218,607259,2,0,0,0,1,0,.000,.000
678218,640455,2,0,0,0,0,0,.000,.000
678218,554430,3,0,0,0,0,0,.000,.000
678218,694819,2,0,0,0,1,0,.000,.000
678218,676083,2,1,0,0,0,0,.500,1.000
678218,641743,2,0,0,0,2,0,.000,.000
703520,669358,1,0,0,0,0,1,.000,.500
703520,607259,3,1,0,0,1,0,.333,.666
678218,669302,2,0,0,0,1,0,.000,.000
703520,663738,2,0,0,0,0,0,.000,.333
703520,554430,1,1,0,0,0,2,1.000,3.000
703520,669302,1,0,0,0,1,1,.000,.500
807727,663738,2,0,0,0,0,1,.000,.333
807727,554430,2,0,0,0,1,0,.000,.000
676914,607259,2,1,0,0,0,0,.500,1.000
676914,669358,1,0,0,0,0,1,.000,.500
807727,669302,2,0,0,0,0,0,.000,.000
676914,453286,2,1,0,0,1,0,.500,1.500
676914,640455,3,0,0,1,1,0,.000,.000
676914,669467,2,0,0,0,0,1,.000,.333
676914,647336,3,0,0,0,1,1,.000,.250
676914,665152,4,0,0,0,2,0,.000,.000
676914,682227,3,1,1,1,2,0,.333,1.666
676914,607536,9,2,0,1,2,0,.222,.555
676914,669022,9,3,1,2,3,0,.333,1.142
676914,686751,1,0,0,0,0,0,.000,.000
676914,641743,1,1,0,0,0,1,1.000,2.000
676391,669358,14,3,0,0,2,1,.214,.481
676391,669467,3,1,0,0,0,0,.333,1.000
676391,607259,9,3,1,3,0,0,.333,1.000
676391,663738,8,4,1,4,0,0,.500,1.500
676391,453286,2,0,0,0,0,0,.000,.000
676391,647336,4,1,0,0,1,0,.250,.750
676391,640455,6,2,0,0,1,1,.333,.762
676391,686751,1,0,0,0,0,0,.000,.000
676391,579328,2,0,0,0,1,0,.000,.000
676391,694819,3,0,0,0,0,0,.000,.000
676391,665152,7,1,0,0,2,0,.143,.429
676391,554430,8,2,0,0,2,0,.250,.500
543807,663567,7,1,0,0,2,0,.143,.286
676391,669302,8,1,0,0,1,0,.125,.250
676391,641743,4,0,0,0,2,0,.000,.200
676391,607536,7,2,0,0,3,0,.286,.572
676391,669022,10,2,0,1,3,1,.200,.450
543807,669358,18,3,0,1,4,0,.167,.389
676391,681190,2,0,0,0,0,0,.000,.000
543807,607259,21,10,2,4,1,5,.476,1.339
543807,647336,2,0,0,0,2,0,.000,.000
676391,676083,4,0,0,0,0,0,.000,.000
543807,554430,10,2,0,1,1,1,.200,.473
543807,669467,5,3,0,2,0,1,.600,1.467
543807,453286,9,3,0,0,3,0,.333,.666
543807,686751,1,1,0,0,0,0,1.000,3.000
543807,607536,8,3,0,0,3,1,.375,.819
543807,665152,24,7,0,0,0,0,.292,.653
543807,663738,11,3,0,3,2,1,.273,.697
543807,669022,10,2,1,1,4,1,.200,.773
543807,640455,42,13,0,6,14,4,.310,.788
543807,579328,19,7,0,1,5,0,.368,.874
543807,641743,4,0,0,1,0,0,.000,.000
669701,669467,3,1,0,0,0,0,.333,.666
543807,681190,4,0,0,0,0,0,.000,.200
543807,676083,6,1,0,1,0,0,.167,.334
669701,669358,6,1,0,0,1,0,.167,.334
669701,647336,3,1,0,0,1,0,.333,.666
543807,669302,18,5,1,4,9,2,.278,.961
669701,607259,2,0,0,0,1,0,.000,.000
669701,663738,2,0,0,0,1,0,.000,.000
669701,669022,2,1,0,0,1,0,.500,1.000
669701,554430,13,3,0,0,5,0,.231,.462
669701,640455,2,1,0,1,0,1,.500,1.667
669701,579328,7,2,0,0,2,0,.286,.572
669701,676083,3,0,0,0,1,0,.000,.000
669701,665152,8,1,0,0,1,1,.125,.347
669701,669302,26,4,0,1,4,2,.154,.406
672960,647336,3,0,0,0,0,0,.000,.000
669701,681190,1,0,0,0,0,2,.000,.667
672960,669358,6,2,0,1,1,0,.333,.666
672960,663738,3,1,0,1,0,0,.333,.666
672960,640455,2,0,0,0,1,0,.000,.333
672960,663567,1,0,0,0,0,2,.000,.667
672960,607259,7,1,0,0,2,1,.143,.393
672960,694819,2,0,0,0,1,0,.000,.000
672960,554430,5,1,0,0,2,0,.200,.600
672960,641743,2,1,0,0,0,2,.500,1.300
672960,669022,3,1,0,0,0,0,.333,.666
672960,669302,5,0,0,0,1,0,.000,.000
664702,663567,2,1,0,0,0,0,.500,1.000
672960,607536,3,1,0,0,2,0,.333,.666
664702,669358,3,0,0,0,0,0,.000,.000
672960,676083,3,1,0,0,1,0,.333,.666
664702,669467,2,1,0,0,0,0,.500,1.000
664702,663738,14,4,0,0,0,1,.286,.690
664702,640455,12,4,0,1,3,2,.333,.817
664702,647336,3,2,1,1,1,1,.667,2.417
664702,453286,2,0,0,0,0,0,.000,.000
664702,554430,2,0,0,0,2,1,.000,.333
664702,686751,1,0,0,0,0,0,.000,.000
664702,607259,5,0,0,0,0,0,.000,.000
664702,665152,7,3,1,3,1,0,.429,1.286
664702,607536,6,3,0,0,1,0,.500,1.000
664702,579328,14,3,0,2,4,2,.214,.527
664702,641743,4,0,0,0,0,1,.000,.200
664770,607259,5,2,0,0,1,1,.400,.900
664702,669302,10,3,0,1,2,0,.300,.600
664770,647336,2,0,0,1,0,0,.000,.000
664770,669358,11,3,0,1,1,1,.273,.606
664702,669022,7,4,0,2,0,0,.571,1.428
664770,694819,2,0,0,0,1,0,.000,.000
664770,640455,6,0,0,0,0,0,.000,.000
664770,663738,2,0,0,0,0,0,.000,.000
664770,665152,2,1,0,0,0,2,.500,1.250
664770,607536,3,1,0,2,1,0,.333,1.333
664770,669302,5,1,0,0,0,0,.200,.400
664770,681190,2,2,1,2,0,0,1.000,3.500
815873,669358,2,0,0,1,1,0,.000,.000
664770,676083,5,4,0,0,1,0,.800,1.800
664770,554430,7,3,0,1,1,0,.429,.858
664770,669022,2,0,0,0,1,1,.000,.333
815873,669302,2,0,0,0,0,0,.000,.000
665489,669358,18,5,1,2,2,0,.278,.722
665489,453286,8,2,2,5,1,0,.250,1.250
665489,663567,4,0,0,0,1,0,.000,.000
665489,647336,10,3,0,2,0,0,.300,.700
665489,669467,6,1,1,2,0,0,.167,.834
665489,579328,7,4,0,0,0,2,.571,1.381
665489,640455,9,3,0,0,2,0,.333,.666
665489,665152,34,13,5,12,7,2,.382,1.329
665489,641743,4,2,1,2,0,0,.500,1.750
665489,607259,11,2,1,2,1,1,.182,.705
665489,663738,11,6,1,1,1,0,.545,1.363
665489,554430,16,3,1,2,3,0,.188,.614
665489,681190,5,2,0,0,1,0,.400,1.000
665489,682227,3,1,0,0,0,0,.333,.666
665489,669302,21,7,2,3,4,2,.333,1.105
665489,607536,8,2,0,1,1,0,.250,.583
665489,694819,3,1,0,0,0,0,.333,.666
665489,686751,1,0,0,0,0,0,.000,.000
665489,669022,11,4,1,4,2,0,.364,1.091
665489,676083,1,0,0,0,0,0,.000,.000
645305,800048,2,0,0,0,2,0,.000,.000
645305,647336,1,0,0,0,0,0,.000,.000
645305,640455,3,0,0,0,0,0,.000,.000
645305,607259,3,0,0,0,1,0,.000,.000
645305,641743,2,1,0,1,0,0,.500,1.000
645305,669302,2,1,0,0,0,0,.500,1.000
645305,665152,2,1,0,0,1,0,.500,1.000
642708,663567,3,1,0,0,0,0,.333,.666
642708,669467,5,1,1,1,1,0,.200,1.000
645305,554430,2,2,0,0,0,0,1.000,2.000
642708,607259,5,0,0,0,1,0,.000,.000
642708,647336,16,5,0,0,2,1,.313,.728
642708,663738,14,7,0,1,0,0,.500,1.357
642708,800048,3,1,0,0,1,0,.333,.666
642708,554430,3,1,0,0,0,0,.333,.666
642708,607536,8,3,0,0,1,0,.375,.875
642708,665152,4,1,0,0,0,0,.250,.650
642708,640455,10,4,0,2,2,0,.400,.864
642708,453286,20,5,1,1,8,0,.250,.700
642708,641743,7,1,0,0,2,0,.143,.429
642708,579328,7,2,0,1,1,0,.286,.572
642708,682227,3,1,0,0,0,0,.333,1.000
683011,669358,7,1,0,0,2,1,.143,.393
642708,669022,10,3,0,0,1,0,.300,.600
642708,676083,2,0,0,0,1,0,.000,.000
683011,663738,5,1,0,0,1,0,.200,.400
683011,607259,5,0,0,0,2,0,.000,.000
683011,453286,8,2,0,1,3,0,.250,.750
642708,669302,14,7,0,1,1,1,.500,1.319
683011,669467,2,0,0,0,1,0,.000,.000
683011,554430,5,1,0,0,3,0,.200,.400
683011,647336,2,1,0,0,1,0,.500,1.500
683011,800048,2,0,0,0,0,0,.000,.000
683011,640455,6,1,0,3,1,1,.167,.453
683011,665152,12,1,0,0,4,2,.083,.381
683011,669302,8,2,1,3,2,0,.250,.958
683011,641743,4,2,0,2,0,0,.500,1.750
683011,669022,7,1,0,0,1,0,.143,.286
683011,607536,6,2,0,1,1,0,.333,.666
683011,579328,15,3,0,1,6,0,.200,.388
669224,663567,2,2,0,0,0,1,1.000,2.000
683011,676083,3,2,0,0,0,0,.667,1.334
669224,669358,8,3,1,1,1,3,.375,1.295
669224,640455,1,0,0,0,0,2,.000,.750
683011,683003,2,0,0,0,1,0,.000,.000
669224,663738,3,0,0,0,1,0,.000,.000
669224,694819,2,0,0,0,2,0,.000,.000
669224,669467,2,1,0,0,0,0,.500,1.000
669224,607259,5,2,2,2,1,0,.400,2.000
669224,453286,4,0,0,0,2,0,.000,.000
669224,669302,1,0,0,0,0,1,.000,.500
669224,641743,2,0,0,0,0,0,.000,.000
700250,669358,9,0,0,0,4,1,.000,.182
669224,665152,12,2,1,1,3,0,.167,.584
669224,554430,3,1,0,3,2,1,.333,1.400
700250,663567,2,1,1,1,0,1,.500,2.667
669224,607536,1,1,0,0,0,1,1.000,2.000
669224,669022,4,0,0,0,2,0,.000,.200
669224,676083,2,0,0,0,0,0,.000,.000
669224,579328,1,0,0,0,0,1,.000,.500
700250,663738,1,0,0,0,0,0,.000,.000
700250,453286,6,1,1,3,0,0,.167,.834
700250,607259,9,4,0,2,1,2,.444,1.323
700250,640455,4,0,0,0,2,0,.000,.000
700250,665152,8,3,0,0,1,1,.375,.944
700250,669467,5,2,0,0,2,1,.400,1.100
700250,800048,3,0,0,0,1,0,.000,.000
700250,694819,3,0,0,0,2,0,.000,.000
700250,686751,1,0,0,0,0,0,.000,.000
700250,607536,3,1,0,0,1,0,.333,.666
700250,669302,3,1,0,1,1,3,.333,1.334
700250,554430,5,2,1,1,1,0,.400,1.400
641355,669358,4,2,1,2,0,0,.500,1.650
641355,663567,12,4,1,3,2,2,.333,1.096
700250,641743,5,1,0,0,2,1,.200,.533
641355,669467,11,1,0,0,2,0,.091,.182
641355,607259,17,5,1,2,2,0,.294,.823
641355,800048,2,0,0,0,0,1,.000,.333
641355,663738,1,0,0,0,1,0,.000,.000
641355,640455,17,6,3,6,4,0,.353,1.294
641355,453286,21,6,1,2,10,1,.286,.889
641355,647336,3,2,1,1,0,0,.667,2.667
641355,682227,1,0,0,0,0,1,.000,.500
641355,694819,3,0,0,0,1,0,.000,.000
641355,686751,2,1,0,1,1,0,.500,1.000
641355,687792,2,0,0,0,0,0,.000,.000
641355,641743,2,2,1,2,0,0,1.000,4.000
641355,607536,34,12,1,6,2,2,.353,.986
641355,665152,11,1,0,0,3,0,.091,.182
641355,579328,6,1,0,1,1,2,.167,.542
641355,683003,11,4,1,2,1,0,.364,1.182
641355,669022,11,4,0,1,3,3,.364,1.136
641355,554430,17,7,5,10,5,2,.412,1.945
641355,681190,2,1,1,1,0,0,.500,2.500
806146,607259,3,1,0,0,1,0,.333,.666
641355,676083,3,1,0,2,0,0,.333,.666
641355,669302,7,5,0,1,2,1,.714,1.381
806146,669467,2,1,0,0,0,0,.500,1.000
806146,663567,3,0,0,1,1,0,.000,.000
806146,669358,3,2,0,0,1,0,.667,1.334
806146,665152,2,0,0,0,1,0,.000,.000
806146,669302,2,0,0,0,0,0,.000,.000
671218,669358,5,1,0,1,2,1,.200,.533
671218,663567,3,1,0,1,1,0,.333,.666
671218,689981,3,0,0,0,0,0,.000,.000
671218,607259,10,1,1,1,4,0,.100,.500
671218,663738,2,1,0,0,1,0,.500,1.000
671218,687792,2,0,0,0,0,0,.000,.000
671218,647336,3,0,0,1,1,0,.000,.000
671218,669467,10,3,1,3,1,0,.300,1.000
671218,686751,1,0,0,0,0,0,.000,.000
671218,640455,5,1,0,0,0,2,.200,.829
671218,579328,5,3,1,1,1,1,.600,2.067
671218,665152,3,1,0,0,1,0,.333,.666
665862,669358,12,5,1,2,4,1,.417,1.212
671218,607536,19,7,1,1,3,0,.368,1.052
671218,554430,2,0,0,0,1,0,.000,.000
671218,676083,4,0,0,0,2,0,.000,.000
671218,683003,3,0,0,0,2,0,.000,.000
665862,669467,5,1,1,2,2,1,.200,1.133
671218,681190,5,1,0,0,0,0,.200,.400
665862,663567,4,3,0,1,0,1,.750,1.550
671218,669022,9,3,1,1,3,0,.333,1.000
665862,607259,10,2,0,0,0,0,.200,.400
665862,647336,4,1,0,0,0,0,.250,.750
671218,669302,3,1,0,1,1,0,.333,.666
665862,663738,2,0,0,0,1,0,.000,.333
665862,800048,2,1,0,2,0,1,.500,2.167
665862,694819,2,0,0,0,1,0,.000,.000
665862,579328,2,0,0,0,1,0,.000,.000
665862,686751,1,0,0,0,1,0,.000,.000
665862,640455,11,3,0,0,3,0,.273,.546
665862,607536,6,1,0,0,3,0,.167,.619
665862,554430,19,6,2,4,7,3,.316,1.330
665862,453286,10,3,2,5,2,2,.300,1.517
665862,641743,5,0,0,0,4,0,.000,.000
665862,665152,4,1,0,0,0,0,.250,.750
665862,669302,11,2,1,2,6,1,.182,.705
676609,607259,9,3,0,0,2,1,.333,.733
665862,683003,4,1,0,0,2,1,.250,.900
676609,663567,3,2,0,0,0,0,.667,1.334
665862,681190,2,0,0,0,0,0,.000,.000
665862,676083,3,1,0,0,0,0,.333,.666
676609,669467,2,1,0,0,1,0,.500,1.000
676609,647336,2,0,0,0,0,0,.000,.000
676609,800048,2,1,0,1,0,0,.500,.833
665862,669022,12,3,1,1,4,0,.250,.750
676609,669358,4,1,1,2,0,0,.250,1.250
676609,663738,2,1,0,0,0,0,.500,1.000
676609,665152,4,1,1,1,1,0,.250,1.250
676609,579328,13,5,2,6,4,0,.385,1.308
676609,694819,2,2,0,0,0,0,1.000,2.000
676609,641743,1,0,0,0,0,0,.000,.500
676609,683003,3,1,0,0,0,0,.333,.666
676609,681190,3,2,0,3,0,0,.667,1.334
671277,669467,12,2,0,1,1,3,.167,.583
676609,669302,6,0,0,0,2,0,.000,.000
671277,669358,7,0,0,0,3,0,.000,.000
671277,663567,8,3,0,1,2,0,.375,.875
671277,607259,10,2,0,1,3,0,.200,.382
671277,640455,5,2,0,0,2,0,.400,.800
671277,453286,13,8,2,4,1,0,.615,1.846
671277,663738,6,0,0,0,0,0,.000,.000
671277,693313,1,1,0,1,0,0,1.000,3.000
671277,665152,14,3,0,3,1,0,.214,.500
671277,702275,3,0,0,0,1,0,.000,.000
671277,647336,3,0,0,0,0,0,.000,.000
671277,694819,2,0,0,0,2,0,.000,.000
671277,607536,11,2,0,0,2,0,.182,.364
671277,641743,1,0,0,0,0,0,.000,.000
671277,554430,37,8,2,4,7,0,.216,.669
502671,669358,8,2,0,2,2,1,.250,.583
671277,681190,2,0,0,0,0,0,.000,.000
671277,669302,8,4,0,0,1,0,.500,1.125
671277,683003,3,0,0,0,2,0,.000,.000
671277,676083,7,4,1,1,0,1,.571,1.625
502671,663738,5,1,0,0,2,0,.200,.600
502671,663567,3,1,0,0,0,0,.333,.666
502671,800048,2,0,0,0,0,1,.000,.333
502671,579328,4,2,0,0,1,2,.500,1.667
502671,607259,10,2,0,0,2,4,.200,.629
502671,687792,4,1,0,0,0,0,.250,.750
502671,665152,6,1,0,0,2,0,.167,.334
502671,669302,6,2,0,0,1,0,.333,.833
502671,647336,5,2,0,1,2,2,.400,.971
502671,686751,1,1,0,0,0,0,1.000,2.000
502671,453286,40,7,0,0,18,1,.175,.370
502671,640455,8,1,0,2,1,1,.125,.675
502671,681190,3,1,0,1,1,0,.333,.666
502671,682227,7,1,0,0,2,1,.143,.393
502671,669022,13,4,0,0,1,1,.308,.972
502671,641743,5,0,0,0,1,1,.000,.167
502671,683003,2,1,0,0,1,0,.500,1.000
641857,669358,4,1,0,1,2,1,.250,.650
502671,607536,33,10,2,5,5,7,.303,.970
641857,663738,6,2,0,1,1,3,.333,.889
502671,554430,29,5,0,0,5,2,.172,.433
502671,676083,2,0,0,0,2,0,.000,.000
641857,687792,5,1,0,1,1,0,.200,.400
641857,607259,22,5,0,2,9,2,.227,.507
641857,669467,9,2,1,1,3,3,.222,1.084
641857,647336,3,1,0,0,2,2,.333,1.267
641857,579328,5,0,0,0,1,0,.000,.000
641857,640455,10,2,0,1,2,1,.200,.573
641857,453286,14,2,1,2,9,1,.143,.557
641857,694819,2,0,0,0,1,0,.000,.000
641857,683003,6,1,0,0,4,0,.167,.500
641857,682227,3,1,0,0,1,0,.333,.666
641857,669302,4,0,0,0,2,0,.000,.000
641857,681190,9,3,1,1,1,0,.333,1.000
641857,669022,7,2,1,2,5,3,.286,1.312
682987,669358,3,1,0,0,1,0,.333,.666
641857,665152,5,1,0,0,1,0,.200,.400
682987,663567,3,0,0,0,3,0,.000,.000
682987,607259,3,1,0,0,0,0,.333,.666
682987,665152,2,0,0,0,1,0,.000,.000
641857,676083,4,0,0,0,1,0,.000,.000
682987,694819,1,0,0,0,1,1,.000,.500
682987,669467,2,0,0,0,1,0,.000,.000
641857,554430,11,4,0,2,4,2,.364,1.045
682987,669302,3,0,0,0,2,0,.000,.000
666310,669358,3,0,0,1,2,0,.000,.000
666310,663567,3,0,0,0,2,0,.000,.000
666310,579328,2,0,0,0,1,1,.000,.333
666310,676083,2,0,0,0,0,0,.000,.000
666310,453286,3,0,0,0,0,0,.000,.000
666310,647336,5,1,0,0,3,1,.200,.533
666310,663738,4,0,0,0,2,0,.000,.000
666310,665152,5,0,0,0,1,1,.000,.167
666310,607259,3,1,0,0,1,0,.333,1.000
666310,554430,5,0,0,0,4,0,.000,.000
666310,669302,5,1,0,1,3,0,.200,.400
663604,607259,3,2,0,0,0,0,.667,1.334
663604,607536,2,1,0,0,1,0,.500,1.000
663604,641743,2,0,0,0,1,0,.000,.000
663604,640455,1,0,0,0,0,1,.000,.500
663604,579328,2,0,0,0,0,0,.000,.000
668930,663738,3,0,0,0,2,0,.000,.000
668930,663567,5,2,1,2,0,2,.400,1.571
668930,669467,18,7,0,2,3,1,.389,.865
668930,647336,6,4,0,2,0,0,.667,1.334
668930,800048,3,0,0,0,2,0,.000,.000
668930,607259,16,4,1,3,4,1,.250,.857
668930,453286,10,3,1,1,1,0,.300,1.000
668930,579328,4,1,0,0,2,1,.250,.650
668930,640455,3,3,0,1,0,0,1.000,2.333
668930,665152,5,3,0,2,1,0,.600,1.400
668930,687792,1,0,0,0,1,0,.000,.500
668930,554430,11,2,0,0,2,0,.182,.364
668930,676083,5,1,0,1,2,0,.200,.600
668930,641743,3,0,0,0,1,0,.000,.000
668930,607536,13,3,1,3,1,0,.231,.693
668930,682227,2,1,0,0,0,0,.500,1.000
668930,669302,9,0,0,0,5,1,.000,.100
668930,681190,7,3,0,0,2,2,.429,.985
668930,669022,1,0,0,0,0,1,.000,.500
668930,683003,8,1,0,1,3,0,.125,.375
592885,669358,3,2,0,0,0,0,.667,1.334
592885,663567,5,2,0,0,2,2,.400,.971
592885,669467,12,2,1,2,3,0,.167,.584
592885,607259,19,5,1,2,5,1,.263,.774
592885,800048,3,1,0,0,0,0,.333,1.000
592885,665152,6,0,0,0,3,0,.000,.000
592885,663738,1,1,0,0,0,0,1.000,2.000
592885,647336,3,1,0,0,1,0,.333,1.000
592885,607536,19,2,0,0,9,1,.105,.255
592885,579328,10,1,0,0,3,1,.100,.282
592885,453286,44,13,3,6,11,3,.295,.931
592885,640455,6,0,0,0,3,0,.000,.000
592885,669022,3,1,0,1,1,0,.333,1.000
592885,554430,32,8,1,4,10,2,.250,.638
806198,669467,1,1,0,1,0,1,1.000,2.000
592885,683003,5,0,0,0,2,0,.000,.000
592885,681190,5,1,0,0,1,2,.200,.629
592885,682227,5,3,0,0,2,0,.600,1.200
592885,676083,2,0,0,0,2,0,.000,.000
592885,669302,10,5,2,3,4,2,.500,1.683
806198,800048,1,0,0,1,1,0,.000,.000
806198,640455,1,0,0,1,1,0,.000,.333
806198,607536,2,0,0,0,0,0,.000,.000
806198,669302,2,0,0,0,0,0,.000,.000
806198,554430,2,0,0,0,0,0,.000,.000
666152,663738,1,0,0,0,0,0,.000,.000
806198,682227,1,0,0,0,0,0,.000,.000
806198,683003,4,4,0,1,0,0,1.000,2.000
666152,647336,5,2,0,0,2,0,.400,.800
666152,663567,4,1,0,0,0,0,.250,.750
666152,640455,3,2,0,0,0,0,.667,1.667
666152,669467,5,2,0,1,1,0,.400,.800
666152,607259,3,0,0,0,0,0,.000,.000
666152,665152,2,0,0,0,1,0,.000,.000
666152,669358,2,0,0,0,1,0,.000,.000
666152,669302,3,0,0,0,2,0,.000,.000
666152,579328,2,0,0,0,2,0,.000,.000
666152,554430,5,2,0,0,1,0,.400,1.000
669003,669467,8,3,0,1,1,1,.375,.819
669003,663738,2,0,0,0,1,0,.000,.000
666152,683003,2,1,0,0,0,0,.500,1.000
666152,681190,2,0,0,0,0,0,.000,.000
669003,647336,2,1,0,0,0,1,.500,1.167
669003,453286,5,1,1,1,2,0,.200,1.000
669003,663567,2,0,0,0,1,1,.000,.333
669003,607259,12,4,0,1,4,0,.333,.833
669003,607536,2,0,0,0,1,0,.000,.000
669003,683003,3,0,0,0,2,0,.000,.000
669003,640455,1,1,0,0,0,0,1.000,3.000
669003,554430,6,3,0,1,1,0,.500,1.333
596142,669467,2,1,0,0,0,0,.500,1.000
669003,676083,2,1,0,1,1,0,.500,1.000
669003,669302,2,0,0,0,1,0,.000,.000
596142,453286,6,0,0,0,5,0,.000,.000
596142,640455,11,3,0,3,1,1,.273,.788
596142,669358,2,0,0,0,2,0,.000,.000
596142,663567,3,0,0,0,2,0,.000,.000
596142,800048,2,1,0,1,0,1,.500,1.167
596142,665152,6,1,0,0,1,1,.167,.619
596142,687792,2,0,0,0,0,0,.000,.000
596142,663738,12,2,0,1,2,2,.167,.536
596142,607259,7,3,1,3,1,1,.429,1.556
596142,579328,10,3,0,0,3,3,.300,.762
596142,607536,14,2,1,2,5,1,.143,.557
596142,641743,5,2,2,5,1,0,.400,2.000
596142,554430,11,1,0,1,3,0,.091,.182
694192,663567,3,1,0,1,0,0,.333,.666
596142,676083,2,0,0,0,1,1,.000,.333
596142,682227,2,0,0,0,1,0,.000,.000
694192,669467,11,5,0,3,1,5,.455,1.224
694192,687792,3,1,0,1,0,0,.333,.666
596142,669302,8,1,0,0,3,0,.125,.375
694192,607259,12,2,0,0,2,0,.167,.417
694192,579328,4,0,0,0,1,1,.000,.200
694192,800048,3,0,0,0,2,0,.000,.000
694192,453286,2,2,0,0,0,0,1.000,2.500
694192,640455,6,4,1,3,0,0,.667,1.834
694192,665152,5,1,0,0,1,0,.200,.400
694192,554430,5,1,0,0,4,1,.200,.533
694192,682227,3,0,0,0,0,0,.000,.000
694192,607536,14,7,1,5,2,1,.500,1.676
641343,607259,5,1,0,0,1,0,.200,.400
641343,669467,7,5,1,5,2,4,.714,2.104
694192,683003,8,3,1,2,2,0,.375,1.125
641343,647336,2,1,0,0,1,1,.500,1.167
641343,800048,3,1,0,0,2,0,.333,.666
641343,663567,4,1,0,0,1,0,.250,.500
694192,681190,8,0,0,0,1,0,.000,.000
694192,669302,8,3,0,0,2,0,.375,.750
694192,676083,3,1,0,0,1,0,.333,1.000
641343,663738,1,0,0,0,0,0,.000,.000
641343,453286,5,1,0,3,1,1,.200,.533
641343,607536,4,2,0,1,0,1,.500,1.600
641343,554430,8,2,0,0,3,1,.250,.583
641343,665152,9,3,2,6,2,0,.333,1.444
641343,579328,2,0,0,0,2,0,.000,.000
641343,676083,2,2,0,0,0,1,1.000,2.000
641343,681190,3,0,0,0,0,1,.000,.250
687401,663567,2,0,0,0,0,0,.000,.000
641343,669302,6,1,0,2,3,0,.167,.310
687401,607259,9,1,0,0,1,1,.111,.311
687401,669467,9,2,0,0,1,0,.222,.444
641343,683003,5,1,0,0,3,1,.200,.733
641343,682227,2,1,1,1,0,0,.500,2.500
687401,800048,2,0,0,0,1,0,.000,.000
641343,641743,1,0,0,0,1,1,.000,.500
687401,687792,2,0,0,0,1,0,.000,.000
687401,647336,1,0,0,0,0,0,.000,.000
687401,579328,6,2,0,0,2,0,.333,.666
687401,663738,2,0,0,0,1,0,.000,.000
687401,640455,7,2,0,2,0,0,.286,.857
687401,683003,4,2,0,0,1,0,.500,1.000
687401,554430,4,0,0,0,0,1,.000,.200
687401,641743,1,0,0,0,1,1,.000,.500
687401,607536,11,2,0,0,1,0,.182,.546
687401,669302,6,2,1,3,2,0,.333,1.333
687401,681190,5,0,0,0,0,0,.000,.167
687401,682227,3,1,0,0,1,0,.333,.666
687401,676083,2,0,0,0,0,0,.000,.000
800325,640455,2,1,0,0,0,1,.500,1.167
800325,607536,2,0,0,0,0,0,.000,.000
800325,669302,2,0,0,0,0,0,.000,.000
800325,554430,2,0,0,0,1,0,.000,.000
686217,663567,2,0,0,0,0,1,.000,.500
800325,682227,2,0,0,0,0,0,.000,.000
686217,669467,15,4,0,4,0,2,.267,.686
800325,683003,3,1,0,0,0,1,.333,.833
686217,663738,2,1,0,0,0,0,.500,1.000
686217,687792,2,0,0,0,1,0,.000,.000
686217,453286,2,2,0,0,0,0,1.000,2.000
686217,647336,3,1,0,0,0,0,.333,.666
686217,607536,5,3,0,2,0,0,.600,1.267
686217,640455,5,0,0,0,2,0,.000,.000
686217,665152,6,3,0,0,0,0,.500,1.333
686217,607259,13,4,0,4,0,0,.308,.693
686217,554430,8,0,0,0,3,0,.000,.000
661388,669467,17,3,1,5,3,1,.176,.675
661388,663567,7,2,0,1,1,0,.286,.715
686217,682227,1,0,0,0,0,0,.000,.000
686217,641743,1,0,0,0,0,1,.000,.500
686217,683003,3,0,0,0,1,0,.000,.000
686217,676083,6,2,0,0,1,0,.333,.666
686217,669302,2,1,0,0,1,0,.500,1.000
661388,647336,6,5,1,5,0,0,.833,2.500
686217,681190,6,1,0,0,1,1,.167,.453
661388,607259,18,5,2,4,2,0,.278,.945
661388,663738,1,0,0,0,1,1,.000,.500
661388,453286,6,4,1,3,2,0,.667,1.834
661388,641743,2,1,0,0,1,1,.500,1.667
661388,640455,11,3,1,2,4,2,.273,1.021
661388,665152,6,4,0,2,0,0,.667,1.667
661388,687792,1,1,0,0,0,1,1.000,3.000
661388,579328,7,2,1,2,0,2,.286,1.158
661388,554430,17,4,0,3,7,0,.235,.516
661388,607536,20,6,1,2,4,2,.300,.864
661388,669022,3,0,0,0,1,0,.000,.000
661388,669302,8,0,0,0,3,1,.000,.111
668939,607259,1,0,0,0,0,0,.000,.000
661388,683003,8,3,0,0,2,0,.375,.750
668939,663567,3,0,0,0,0,1,.000,.400
661388,682227,5,0,0,0,1,0,.000,.000
668939,669467,1,0,0,0,0,0,.000,.000
668939,693313,1,0,0,0,0,0,.000,.000
668939,669358,10,1,0,0,3,0,.100,.200
661388,681190,8,0,0,0,3,0,.000,.000
661388,676083,6,1,0,0,0,0,.167,.334
668939,453286,4,1,0,0,0,0,.250,.750
668939,687792,3,1,0,0,0,0,.333,.666
668939,663738,8,2,0,0,1,0,.250,.625
668939,800048,2,2,0,0,0,0,1.000,3.000
668939,640455,3,0,0,0,0,0,.000,.000
668939,647336,4,1,0,0,1,0,.250,.500
668939,669022,10,3,0,1,3,1,.300,.764
668939,607536,3,0,0,0,0,0,.000,.000
668939,554430,3,1,1,1,1,0,.333,1.666
668939,579328,26,9,3,5,5,4,.346,1.164
668939,681190,3,1,0,0,0,0,.333,.666
668939,669302,11,0,0,0,2,1,.000,.083
668939,683003,5,1,0,0,3,0,.200,.400
668939,682227,1,0,0,0,0,1,.000,.500
655316,607259,5,3,0,0,1,0,.600,1.400
655316,693313,1,0,0,0,0,0,.000,.000
655316,663567,4,0,0,0,3,0,.000,.000
655316,453286,6,1,0,0,1,0,.167,.334
655316,665152,6,0,0,0,3,0,.000,.000
655316,647336,3,0,0,0,0,0,.000,.000
655316,800048,3,1,0,1,0,1,.333,1.167
655316,554430,2,0,0,0,2,0,.000,.000
655316,683003,2,0,0,0,0,0,.000,.000
655316,640455,2,0,0,0,1,0,.000,.000
655316,686751,1,0,0,0,1,0,.000,.000
655316,607536,8,3,2,2,3,0,.375,1.500
655316,579328,3,1,0,0,1,2,.333,.933
702332,669358,8,1,0,0,1,0,.125,.375
655316,669022,1,0,0,0,0,1,.000,.500
655316,641743,2,0,0,0,1,0,.000,.000
702332,607259,7,2,0,0,1,0,.286,.661
655316,682227,3,1,0,0,0,0,.333,1.000
702332,693313,1,1,0,0,0,0,1.000,2.000
702332,453286,4,0,0,0,0,0,.000,.000
702332,669467,3,0,0,0,0,3,.000,.571
702332,800048,3,0,0,1,1,0,.000,.000
702332,607536,4,1,0,0,0,0,.250,.500
702332,640455,3,0,0,0,0,0,.000,.000
702332,681190,7,1,0,0,0,0,.143,.286
702332,665152,5,3,0,3,0,0,.600,1.200
702332,579328,1,1,0,1,0,1,1.000,2.000
702332,554430,3,0,0,0,1,0,.000,.000
702332,641743,2,1,1,2,0,0,.500,2.500
702332,669302,4,1,0,0,2,0,.250,.500
678882,663567,2,1,0,0,0,0,.500,1.000
702332,683003,2,1,0,0,0,0,.500,1.000
678882,669467,2,0,0,0,0,0,.000,.333
702332,676083,3,1,0,1,0,0,.333,.666
678882,647336,2,1,0,1,1,0,.500,1.500
678882,663738,2,0,0,0,0,0,.000,.000
678882,579328,10,4,2,3,4,0,.400,1.500
678882,669358,12,3,0,0,3,1,.250,.558
678882,665152,11,3,1,2,1,0,.273,.818
678882,641743,3,0,0,0,0,0,.000,.000
678882,607259,9,1,0,0,0,0,.111,.333
678882,554430,8,3,0,1,2,0,.375,.750
678882,453286,6,3,0,0,1,0,.500,1.167
678882,800048,4,1,0,0,1,1,.250,.900
678882,607536,5,3,0,1,2,1,.600,1.867
678882,676083,3,0,0,0,1,0,.000,.000
657136,607259,4,1,0,0,1,0,.250,.500
678882,683003,3,0,0,0,2,0,.000,.000
678882,669022,3,1,0,2,1,0,.333,1.000
678882,694819,1,1,0,0,0,1,1.000,2.000
678882,669302,9,4,0,0,2,0,.444,1.000
657136,669467,6,1,0,0,2,0,.167,.334
657136,647336,1,1,0,0,0,0,1.000,2.000
678882,681190,5,2,0,0,2,0,.400,.800
657136,669358,7,0,0,0,3,0,.000,.000
657136,663567,2,0,0,1,1,0,.000,.000
657136,453286,2,0,0,0,1,0,.000,.000
657136,694819,1,0,0,0,1,0,.000,.500
657136,665152,9,0,0,0,5,1,.000,.100
657136,800048,3,1,0,0,0,1,.333,.833
657136,640455,1,0,0,0,0,0,.000,.000
657136,554430,5,1,0,0,1,0,.200,.400
657136,607536,5,2,1,2,1,0,.400,1.400
657136,579328,9,4,0,0,1,2,.444,1.101
643396,669358,7,1,0,0,1,0,.143,.286
657136,669022,3,0,0,0,2,2,.000,.400
657136,669302,6,3,0,0,0,1,.500,1.238
657136,641743,3,1,0,0,1,0,.333,.666
643396,669467,8,2,0,0,0,1,.250,.708
657136,681190,2,1,0,1,0,0,.500,1.000
643396,800048,4,1,0,0,1,0,.250,.500
643396,693313,3,0,0,0,1,0,.000,.000
643396,663738,3,1,0,1,2,0,.333,1.000
643396,663567,1,0,0,0,0,0,.000,.000
643396,687792,2,0,0,0,0,0,.000,.000
643396,453286,10,4,0,1,1,0,.400,1.000
643396,607259,9,4,0,1,2,0,.444,1.000
643396,689981,2,1,0,0,0,0,.500,1.000
643396,647336,1,1,0,0,0,0,1.000,2.000
643396,640455,16,4,0,3,0,1,.250,.607
643396,607536,7,2,0,1,0,1,.286,.804
643396,579328,15,5,0,0,3,1,.333,.708
643396,554430,2,1,0,0,0,0,.500,1.000
643396,694819,4,0,0,0,1,0,.000,.000
643396,665152,7,1,0,0,3,0,.143,.286
643396,676083,5,3,0,0,0,0,.600,1.200
643396,669022,3,1,0,2,0,0,.333,.666
643396,641743,1,0,0,0,1,0,.000,.000
643396,669302,15,5,0,4,2,0,.333,.733
663330,640455,3,2,1,2,0,0,.667,2.334
643396,681190,7,1,0,0,0,0,.143,.286
663330,669022,6,2,0,0,0,1,.333,.929
663330,800048,7,1,1,1,2,1,.143,.821
663330,579328,5,1,0,0,3,0,.200,.400
663330,641743,3,1,0,3,0,0,.333,1.000
680776,800048,3,1,0,0,2,0,.333,.666
680776,607259,10,3,0,1,2,0,.300,.600
680776,669358,22,4,0,1,6,0,.182,.526
680776,669467,7,1,0,3,1,0,.143,.429
680776,453286,7,1,1,1,3,1,.143,.821
680776,693313,1,0,0,0,0,0,.000,.000
680776,663738,2,0,0,0,1,0,.000,.000
680776,663567,3,3,0,2,0,0,1.000,2.667
680776,647336,4,1,0,1,0,0,.250,.500
680776,579328,12,2,1,2,4,0,.167,.667
680776,686751,1,0,0,0,1,0,.000,.000
680776,694819,2,0,0,0,2,1,.000,.333
680776,640455,2,1,0,0,1,0,.500,1.000
680776,665152,13,6,0,3,2,0,.462,1.044
680776,641743,1,0,0,0,0,0,.000,.000
680776,683003,2,0,0,0,2,0,.000,.000
680776,607536,2,0,0,0,0,0,.000,.000
680776,676083,2,1,0,0,1,1,.500,1.667
680776,669022,3,0,0,0,0,0,.000,.000
680776,669302,12,3,1,2,5,1,.250,.975
681508,607259,6,2,0,1,0,0,.333,.833
680776,681190,5,2,0,0,1,0,.400,.800
680776,554430,11,3,1,1,3,0,.273,.969
681508,669358,8,3,1,1,1,1,.375,1.194
681508,693313,1,1,0,0,0,0,1.000,3.000
681508,663738,1,0,0,0,0,0,.000,.000
681508,676083,1,0,0,0,0,0,.000,.000
681508,669302,2,0,0,0,0,1,.000,.333
681508,554430,3,1,0,0,0,0,.333,.666
686765,663738,1,0,0,0,0,0,.000,.000
686765,800048,5,2,0,0,1,0,.400,1.000
686765,669358,3,0,0,0,0,0,.000,.000
686765,453286,3,0,0,0,0,0,.000,.000
686765,686751,1,1,0,0,0,0,1.000,3.000
686765,683003,1,0,0,0,0,1,.000,.500
701350,607259,3,0,0,0,0,0,.000,.000
701350,669358,7,1,0,0,1,1,.143,.536
701350,669467,3,0,0,1,0,0,.000,.000
701350,800048,6,2,0,0,1,0,.333,.666
701350,607536,2,0,0,0,1,1,.000,.333
701350,694819,3,0,0,0,2,0,.000,.000
701350,554430,3,1,0,0,2,0,.333,1.000
701350,669022,1,0,0,0,0,1,.000,.500
701350,647336,2,2,0,0,0,0,1.000,2.500
701350,669302,2,1,1,1,1,0,.500,2.500
701350,686751,1,1,0,0,0,0,1.000,3.000
701350,676083,4,0,0,0,1,0,.000,.000
701350,681190,3,1,0,0,0,0,.333,1.333
596115,800048,2,1,0,1,0,1,.500,1.167
596115,607259,6,4,0,0,2,0,.667,1.667
596115,669358,15,4,0,0,7,1,.267,.646
596115,647336,3,2,0,2,0,0,.667,1.334
596115,694819,2,0,0,0,1,0,.000,.000
596115,579328,10,2,0,4,4,2,.200,.633
596115,669467,7,5,1,1,1,0,.714,1.857
596115,640455,5,1,0,0,0,1,.200,.533
596115,453286,11,4,0,0,3,0,.364,.728
596115,554430,11,4,1,3,2,1,.364,1.144
575929,693313,1,0,0,0,0,0,.000,.000
596115,669022,4,1,0,0,1,0,.250,.500
596115,665152,4,1,0,0,0,1,.250,.650
596115,669302,6,1,1,1,1,2,.167,1.042
596115,607536,3,1,0,1,1,0,.333,.666
575929,669358,7,3,0,2,1,1,.429,1.127
575929,647336,3,0,0,0,2,0,.000,.000
575929,669467,7,6,1,4,0,1,.857,2.304
596115,681190,3,0,0,0,0,0,.000,.000
575929,663567,5,0,0,0,1,0,.000,.000
596115,676083,3,0,0,0,0,0,.000,.000
575929,663738,1,1,0,0,0,0,1.000,2.000
575929,607259,10,3,1,1,2,1,.300,1.017
575929,640455,11,4,2,4,5,0,.364,1.455
575929,665152,6,3,0,2,1,0,.500,1.000
575929,686751,1,0,0,0,0,0,.000,.000
575929,687792,4,1,1,1,2,0,.250,1.250
575929,607536,12,1,0,1,5,3,.083,.480
575929,554430,21,4,1,3,5,0,.190,.560
575929,579328,3,0,0,0,1,0,.000,.000
575929,800048,2,0,0,0,1,1,.000,.333
575929,453286,14,3,0,2,6,2,.214,.599
575929,694819,4,2,0,1,2,3,.500,1.250
575929,681190,6,2,0,0,0,0,.333,.929
575929,683003,2,0,0,0,1,2,.000,.500
575929,669302,5,0,0,0,2,0,.000,.167
677800,607259,9,2,1,2,1,0,.222,.889
677800,669467,3,0,0,0,1,0,.000,.000
575929,669022,18,10,2,5,4,1,.556,1.656
575929,682227,3,0,0,0,1,0,.000,.000
677800,663738,2,1,0,0,0,0,.500,1.000
677800,800048,5,1,0,0,1,0,.200,.600
677800,669358,14,3,0,2,6,3,.214,.619
677800,453286,3,1,0,0,0,1,.333,.833
677800,647336,2,0,0,1,1,1,.000,.333
677800,579328,2,0,0,0,1,1,.000,.333
677800,607536,3,0,0,0,0,0,.000,.000
677800,665152,11,1,0,0,4,0,.091,.182
677800,694819,2,0,0,0,2,1,.000,.333
677800,686751,1,0,0,0,1,0,.000,.000
677800,554430,6,1,0,0,2,0,.167,.334
677800,669022,2,0,0,0,0,0,.000,.000
677800,683003,2,2,1,1,0,0,1.000,4.000
677800,641743,3,1,0,0,0,0,.333,.666
677800,681190,5,2,0,0,0,2,.400,.971
677800,669302,5,1,0,1,3,0,.200,.400
677800,676083,4,2,1,2,0,0,.500,1.750
702176,669358,2,2,0,1,0,0,1.000,2.500
702176,663738,1,1,0,0,0,0,1.000,2.000
702176,647336,2,1,0,0,0,0,.500,1.500
702176,669302,2,0,0,0,2,0,.000,.000
702176,694819,2,0,0,0,1,0,.000,.000
702176,554430,1,0,0,1,1,0,.000,.000
668885,669467,3,1,0,1,0,0,.333,.666
668885,800048,10,2,0,0,2,1,.200,.573
668885,647336,2,0,0,0,1,0,.000,.000
668885,554430,3,0,0,0,0,0,.000,.000
668885,641743,3,0,0,0,0,0,.000,.000
668885,579328,3,0,0,0,0,0,.000,.000
668885,607259,2,0,0,0,1,0,.000,.000
668885,663738,3,1,0,1,0,2,.333,.933
668885,640455,2,0,0,0,0,0,.000,.000
668885,669302,6,1,0,0,1,1,.167,.453
668885,682227,1,0,0,1,0,1,.000,.333
668885,669022,3,1,0,0,1,0,.333,1.000
668885,683003,1,0,0,0,0,1,.000,.500
686797,669358,2,1,0,0,0,0,.500,1.000
686797,663738,8,3,0,0,2,1,.375,.944
686797,453286,4,0,0,1,0,0,.000,.000
686797,800048,8,2,0,0,3,0,.250,.500
686797,607259,5,0,0,0,1,0,.000,.000
686797,579328,2,1,0,0,0,0,.500,1.000
686797,694819,5,2,1,1,1,0,.400,1.400
686797,663567,3,1,0,0,1,0,.333,.666
686797,640455,2,1,0,0,0,0,.500,1.000
686797,647336,1,0,0,0,1,0,.000,.000
686797,665152,6,2,1,1,3,0,.333,1.166
686797,607536,3,0,0,0,1,0,.000,.000
686797,669302,3,1,0,0,0,0,.333,1.000
686797,669022,1,0,0,0,0,1,.000,.500
686797,554430,2,0,0,0,0,1,.000,.333
686797,682227,1,0,0,0,0,1,.000,.500
686797,676083,2,1,0,1,0,0,.500,.833
686797,681190,2,0,0,0,0,0,.000,.000
686797,683003,3,1,0,0,1,0,.333,.666
686797,641743,4,2,1,2,1,0,.500,2.100
605137,669358,3,3,0,1,0,0,1.000,2.333
605137,693313,3,1,0,0,0,0,.333,1.000
605137,647336,7,1,0,0,2,0,.143,.286
605137,669467,8,1,0,0,1,1,.125,.472
605137,607259,6,2,0,0,1,0,.333,.666
605137,663567,8,4,2,3,0,0,.500,1.750
605137,800048,8,2,0,0,4,1,.250,.708
605137,694819,2,0,0,0,1,1,.000,.333
605137,640455,10,4,0,1,1,0,.400,.900
605137,687792,2,0,0,0,0,0,.000,.000
605137,663738,7,2,1,2,1,2,.286,1.158
605137,453286,14,6,1,4,3,5,.429,1.457
605137,669022,6,2,1,3,1,0,.333,1.166
605137,682227,6,3,0,0,0,0,.500,1.000
605137,641743,6,2,0,0,1,1,.333,.929
605137,607536,10,4,0,2,0,4,.400,.971
605137,665152,3,0,0,0,0,0,.000,.000
605137,681190,4,1,1,1,0,0,.250,1.400
605137,554430,45,13,4,9,10,3,.289,.911
605137,676083,6,3,1,2,0,0,.500,1.500
605137,669302,13,2,0,1,6,1,.154,.368
605137,683003,5,1,0,0,3,0,.200,.400
701785,800048,2,0,0,0,1,0,.000,.333
665019,669358,6,1,0,1,2,1,.167,.453
701785,681190,2,0,0,0,1,0,.000,.000
665019,800048,6,3,0,0,0,0,.500,1.000
665019,607259,5,1,1,2,1,0,.200,1.000
665019,647336,1,1,0,0,0,0,1.000,2.000
665019,663738,6,0,0,0,0,0,.000,.000
701785,641743,3,1,0,0,0,0,.333,.666
665019,663567,4,0,0,0,2,0,.000,.000
665019,453286,9,2,1,1,1,0,.222,.778
665019,669022,3,0,0,0,0,0,.000,.000
665019,669302,4,0,0,0,1,1,.000,.333
665019,694819,5,1,1,2,3,0,.200,1.000
665019,641743,5,0,0,1,1,0,.000,.000
665019,681190,3,1,0,2,1,0,.333,1.333
665019,640455,1,0,0,0,0,0,.000,.000
665019,683003,3,1,1,1,1,0,.333,1.666
807712,669358,4,0,0,1,0,0,.000,.000
807712,607259,2,0,0,0,0,0,.000,.000
807712,800048,11,2,0,0,2,0,.182,.455
665019,676083,2,1,0,0,1,0,.500,1.000
807712,663567,2,0,0,0,0,0,.000,.000
807712,453286,2,1,0,0,1,0,.500,1.000
807712,663738,4,1,0,2,0,0,.250,.750
807712,681190,3,1,0,0,0,0,.333,.666
807712,641743,5,1,0,0,0,0,.200,.400
807712,694819,2,0,0,0,0,0,.000,.000
807712,669302,3,1,1,1,2,1,.333,1.833
807712,682227,3,0,0,0,1,0,.000,.000
668904,669358,4,1,0,0,1,0,.250,.750
807712,669022,3,0,0,0,1,0,.000,.000
668904,663567,3,1,1,1,1,0,.333,1.666
807712,683003,2,0,0,0,1,0,.000,.000
668904,607259,2,1,0,0,0,0,.500,1.500
668904,663738,5,2,0,1,1,0,.400,1.000
668904,665152,8,1,0,1,3,0,.125,.250
668904,453286,8,1,0,0,0,0,.125,.250
668904,694819,3,0,0,0,3,0,.000,.000
668904,669467,3,1,0,0,0,0,.333,.666
668904,607536,3,0,0,0,1,0,.000,.000
668904,579328,2,2,0,0,0,0,1.000,2.000
668904,681190,3,0,0,0,0,0,.000,.000
668904,800048,8,2,0,1,1,0,.250,.625
668904,640455,2,0,0,0,2,1,.000,.333
668904,641743,1,0,0,0,0,1,.000,.500
668904,669302,8,2,0,0,2,0,.250,.625
680777,669467,5,2,0,0,0,0,.400,.800
668904,669022,4,0,0,0,1,1,.000,.200
680777,663738,11,4,2,5,4,1,.364,1.326
680777,647336,6,2,1,2,1,0,.333,1.166
680777,607259,3,1,0,2,0,1,.333,1.167
680777,669022,3,1,0,0,1,0,.333,.666
680777,453286,3,0,0,0,1,0,.000,.000
680777,800048,8,3,1,2,2,1,.375,1.194
680777,579328,8,1,0,0,3,2,.125,.425
680777,694819,2,0,0,0,0,0,.000,.000
680777,641743,3,1,1,3,1,0,.333,1.666
680777,665152,2,0,0,0,1,0,.000,.000
680777,607536,3,2,0,0,0,0,.667,1.667
680777,676083,2,0,0,0,0,0,.000,.000
680777,683003,2,1,0,0,0,0,.500,1.500
680777,669302,11,3,1,2,1,0,.273,.795
680777,682227,3,0,0,0,0,0,.000,.000
668952,669358,2,0,0,0,1,0,.000,.000
680777,681190,3,0,0,0,0,0,.000,.000
668952,663567,3,1,0,0,0,0,.333,.666
668952,663738,7,1,0,0,1,1,.143,.393
668952,800048,2,0,0,0,1,0,.000,.000
668952,694819,2,0,0,0,1,0,.000,.000
668952,669302,5,1,0,0,2,0,.200,.400
668952,669022,2,0,0,0,1,1,.000,.333
668952,641743,3,1,0,0,1,0,.333,.833
605170,669467,3,1,0,1,1,1,.333,.833
605170,669358,11,2,0,1,3,1,.182,.432
605170,607259,5,1,0,0,2,0,.200,.600
605170,647336,3,0,0,0,1,0,.000,.000
668952,682227,1,0,0,0,0,1,.000,.500
605170,665152,7,4,1,4,0,3,.571,1.700
605170,663567,1,1,1,1,0,2,1.000,5.000
605170,453286,23,10,2,4,5,1,.435,1.179
605170,800048,4,0,0,0,3,0,.000,.000
605170,663738,2,0,0,0,0,0,.000,.000
605170,579328,1,0,0,0,1,0,.000,.000
605170,689981,1,0,0,0,1,1,.000,.500
605170,669022,3,0,0,0,0,0,.000,.000
605170,694819,2,1,0,0,1,0,.500,1.000
605170,640455,3,0,0,0,1,1,.000,.250
605170,607536,7,0,0,1,1,0,.000,.000
605170,554430,11,2,0,0,1,1,.182,.432
605170,683003,1,1,0,0,0,1,1.000,2.000
605170,669302,19,2,1,3,3,0,.105,.368
605170,676083,1,0,0,0,1,1,.000,.500
805805,693313,1,0,0,0,0,0,.000,.000
605170,682227,5,0,0,1,0,0,.000,.000
805805,800048,2,0,0,0,1,0,.000,.000
810938,663567,2,1,0,0,1,0,.500,1.000
810938,663738,2,0,0,0,0,0,.000,.000
810938,607259,2,1,0,1,0,0,.500,1.000
810938,579328,2,0,0,0,0,0,.000,.000
810938,800048,5,1,0,0,0,0,.200,.400
810938,641743,5,0,0,0,1,0,.000,.000
810938,694819,3,0,0,0,0,0,.000,.000
810938,669302,3,3,0,1,0,0,1.000,2.333
656775,663738,7,2,0,1,1,1,.286,.661
656775,669467,1,1,1,4,0,0,1.000,5.000
810938,669022,4,1,0,0,3,0,.250,.650
656775,663567,3,0,0,0,0,0,.000,.000
656775,647336,3,2,1,2,0,0,.667,2.667
656775,669358,9,0,0,0,4,3,.000,.250
656775,800048,3,1,0,1,1,0,.333,.666
656775,453286,7,2,0,0,1,2,.286,.730
810938,682227,2,1,0,1,0,0,.500,1.000
656775,686751,1,0,0,0,0,0,.000,.000
656775,607259,2,0,0,0,1,0,.000,.000
656775,554430,8,2,0,0,1,0,.250,.875
656775,641743,8,2,1,1,4,1,.250,1.025
656775,607536,3,1,0,0,0,0,.333,.666
656775,579328,20,3,0,1,8,0,.150,.400
656775,694819,3,0,0,0,3,0,.000,.000
656775,681190,4,1,0,0,2,0,.250,.500
656775,669022,7,2,0,1,2,2,.286,.730
656775,640455,3,0,0,0,1,0,.000,.000
656775,676083,6,3,1,1,0,0,.500,1.500
656775,669302,5,0,0,0,0,0,.000,.000
802415,669358,9,3,0,0,2,0,.333,.777
656775,683003,3,0,0,0,1,0,.000,.000
802415,663567,4,2,0,0,0,0,.500,1.000
802415,607259,3,1,0,0,0,0,.333,1.000
656775,682227,1,0,0,0,1,0,.000,.000
802415,453286,3,1,0,1,0,0,.333,.666
802415,665152,8,1,0,0,1,0,.125,.250
802415,640455,3,1,0,0,1,0,.333,.666
802415,694819,2,1,0,0,0,1,.500,1.167
802415,554430,3,0,0,0,0,0,.000,.000
802415,800048,11,3,0,0,1,0,.273,.546
802415,686751,1,0,0,0,0,0,.000,.000
802415,669302,6,1,0,0,0,0,.167,.334
802415,669022,5,1,0,0,1,0,.200,.400
802415,641743,4,2,0,0,0,0,.500,1.000
666018,607259,3,1,0,1,1,0,.333,.666
802415,681190,2,1,0,0,0,1,.500,1.167
666018,669358,8,3,0,1,3,1,.375,.819
802415,682227,1,1,0,1,0,0,1.000,1.500
666018,663738,3,1,0,0,1,0,.333,.666
802415,676083,4,2,0,0,0,0,.500,1.500
666018,665152,11,1,0,0,5,1,.091,.322
666018,453286,3,0,0,0,0,0,.000,.000
666018,663567,8,2,0,0,2,0,.250,.500
666018,554430,5,3,1,1,2,1,.600,2.067
666018,800048,3,0,0,0,1,0,.000,.000
666018,686751,1,1,0,0,0,0,1.000,2.000
666018,694819,3,0,0,0,0,0,.000,.000
666018,681190,4,1,0,0,1,0,.250,.900
666018,669022,5,2,0,1,2,0,.400,1.133
666018,641743,3,1,0,0,1,0,.333,.666
666018,676083,1,0,0,0,0,2,.000,.667
676356,669358,4,1,0,0,1,0,.250,.500
666018,682227,2,0,0,0,2,1,.000,.333
666018,669302,7,4,1,2,2,0,.571,1.857
676356,663738,1,1,0,0,0,1,1.000,2.000
676356,607259,1,0,0,0,0,0,.000,.000
676356,800048,5,1,0,0,1,0,.200,.400
676356,579328,7,1,0,0,2,0,.143,.286
676356,640455,4,0,0,0,1,0,.000,.000
676356,647336,1,0,0,0,0,1,.000,.500
676356,665152,1,0,0,0,0,1,.000,.500
676356,686751,2,0,0,0,1,0,.000,.000
676356,669302,8,2,1,1,4,0,.250,1.000
676356,641743,4,1,0,0,0,1,.250,.650
676356,681190,2,1,0,0,0,1,.500,1.167
676356,669022,5,1,0,0,1,0,.200,.400
622761,669467,3,1,0,0,1,0,.333,.666
676356,607536,3,0,0,1,1,1,.000,.250
622761,607259,1,0,0,0,1,0,.000,.000
676356,682227,3,0,0,0,0,2,.000,.400
622761,663567,2,0,0,0,2,0,.000,.000
622761,669358,2,0,0,0,1,0,.000,.000
622761,663738,7,1,0,1,2,1,.143,.393
622761,453286,3,1,0,0,2,0,.333,.666
622761,640455,9,0,0,0,3,0,.000,.000
622761,647336,1,1,0,0,0,1,1.000,3.000
622761,800048,2,0,0,0,1,0,.000,.000
622761,579328,21,8,0,0,6,0,.381,.952
622761,686751,1,0,0,0,1,0,.000,.000
622761,669022,7,0,0,0,3,0,.000,.000
691406,669358,9,3,0,1,0,1,.333,.733
691406,607259,2,0,0,0,0,0,.000,.000
691406,693313,1,0,0,0,0,0,.000,.000
622761,669302,4,1,0,0,0,0,.250,.500
622761,694819,2,1,0,0,0,0,.500,1.000
622761,683003,2,0,0,0,1,0,.000,.000
691406,663567,6,1,0,0,1,0,.167,.334
691406,663738,1,1,0,0,0,0,1.000,3.000
622761,607536,6,2,1,2,1,0,.333,1.166
622761,641743,2,1,0,1,0,0,.500,1.000
691406,554430,6,1,0,0,1,0,.167,.334
691406,607536,2,0,0,0,0,0,.000,.000
691406,579328,10,2,0,2,3,1,.200,.450
691406,453286,3,1,0,1,0,0,.333,1.000
691406,686751,2,1,1,3,1,0,.500,2.500
691406,694819,3,0,0,0,2,0,.000,.000
691406,665152,9,4,0,1,0,1,.444,1.101
691406,640455,3,2,0,1,0,0,.667,1.334
691406,800048,12,1,0,0,2,0,.083,.166
691406,682227,3,1,1,1,0,0,.333,1.666
691406,676083,3,0,0,0,1,0,.000,.000
691406,669302,6,2,0,0,3,4,.333,1.100
691406,681190,4,2,1,3,0,1,.500,1.850
691406,641743,4,2,0,0,0,0,.500,1.000
689414,669467,4,0,0,0,1,1,.000,.200
689414,669358,5,2,1,2,0,1,.400,1.500
689414,663567,5,2,0,0,0,1,.400,1.100
691406,669022,3,0,0,0,1,2,.000,.400
689414,453286,2,1,0,0,0,0,.500,1.000
689414,702275,2,1,0,2,0,0,.500,1.667
689414,607259,4,1,0,0,0,2,.250,.750
689414,554430,9,2,0,0,2,1,.222,.522
689414,665152,3,0,0,0,2,0,.000,.000
689414,694819,2,1,0,1,0,0,.500,1.000
689414,686751,1,0,0,0,0,1,.000,.500
689414,640455,2,0,0,0,1,0,.000,.000
689414,681190,3,1,0,0,0,0,.333,.666
663743,669467,1,1,0,1,0,0,1.000,2.000
689414,669302,4,1,0,0,0,0,.250,.500
663743,669358,2,0,0,0,2,0,.000,.000
663743,663567,4,1,0,1,1,0,.250,.500
689414,607536,3,2,0,0,0,0,.667,1.334
663743,640455,7,5,2,3,0,0,.714,2.428
663743,554430,1,0,0,0,0,0,.000,.500
663743,607259,3,0,0,0,0,0,.000,.250
663743,800048,9,2,0,0,4,0,.222,.555
663743,607536,10,0,0,0,2,0,.000,.000
663743,579328,7,2,0,0,1,0,.286,.572
663743,686751,3,1,0,2,0,0,.333,1.000
663743,687792,2,0,0,0,0,0,.000,.000
663743,694819,3,1,0,0,0,0,.333,.666
663743,669022,11,4,0,3,1,0,.364,.909
663743,641743,4,2,0,0,0,1,.500,1.100
663743,669302,6,1,0,0,1,0,.167,.500
663743,682227,3,0,0,0,0,0,.000,.250
680700,663567,4,1,0,2,0,0,.250,.500
663743,676083,2,0,0,0,1,0,.000,.000
663743,681190,3,0,0,0,0,0,.000,.000
680700,800048,2,0,0,0,0,0,.000,.000
680700,554430,2,0,0,0,1,0,.000,.000
680700,607259,3,0,0,0,1,0,.000,.000
680700,669358,7,0,0,0,2,0,.000,.000
680700,453286,2,1,0,2,0,0,.500,1.500
680700,647336,1,0,0,0,1,1,.000,.500
680700,665152,2,0,0,0,0,0,.000,.000
680700,669302,4,0,0,0,1,1,.000,.200
668723,669358,2,0,0,0,0,1,.000,.333
680700,676083,3,2,0,0,1,0,.667,1.667
680700,683003,2,1,0,0,0,0,.500,1.000
680700,682227,2,1,1,2,0,0,.500,2.500
668723,640455,4,2,0,1,0,0,.500,1.500
668723,663738,1,0,0,0,0,0,.000,.000
668723,453286,2,0,0,0,1,0,.000,.000
668723,686751,1,0,0,0,1,1,.000,.500
668723,800048,7,3,0,1,3,0,.429,.858
668723,579328,2,1,0,0,0,0,.500,1.000
668723,641743,4,2,0,0,0,0,.500,1.000
670764,669358,2,0,0,0,1,2,.000,.500
670764,607259,2,1,0,1,0,0,.500,1.500
668723,669022,4,1,1,2,2,1,.250,1.400
670764,800048,3,0,0,0,3,0,.000,.000
668723,682227,2,2,0,1,0,1,1.000,2.000
670764,663738,5,1,0,0,2,0,.200,.400
670764,453286,1,0,0,1,0,0,.000,.000
670764,579328,18,3,1,3,7,1,.167,.600
670764,554430,4,1,0,1,1,0,.250,.500
670764,641743,2,1,0,1,0,0,.500,1.000
670764,665152,10,1,0,0,3,0,.100,.200
670764,607536,2,0,0,0,0,0,.000,.000
670764,640455,1,0,0,1,0,0,.000,.000
670764,682227,2,0,0,0,0,0,.000,.000
670764,669302,7,1,0,0,4,2,.143,.476
670764,669022,2,0,0,0,1,0,.000,.000
670764,681190,2,1,1,1,1,0,.500,2.500
683748,669358,2,1,0,0,0,1,.500,1.167
683748,663567,3,1,0,0,2,1,.333,.833
670764,683003,3,0,0,0,1,0,.000,.000
670764,676083,3,1,0,3,1,0,.333,1.000
683748,640455,3,2,0,0,0,0,.667,1.334
683748,669022,2,2,0,1,0,0,1.000,2.500
650490,669358,6,2,0,0,2,0,.333,.666
683748,669302,3,1,0,0,1,0,.333,1.000
650490,669467,1,1,0,1,0,0,1.000,2.000
650490,453286,1,1,1,2,0,1,1.000,5.000
650490,663567,9,0,0,0,4,0,.000,.000
650490,693313,1,0,0,0,0,0,.000,.000
650490,607259,6,0,0,0,1,0,.000,.000
650490,694819,3,1,1,2,1,0,.333,1.666
650490,800048,11,3,0,0,2,2,.273,.749
650490,640455,9,2,1,1,1,3,.222,1.084
650490,686751,2,1,0,0,0,0,.500,1.000
650490,554430,8,4,1,3,1,1,.500,1.431
650490,663738,3,3,0,0,0,0,1.000,2.000
650490,683003,4,0,0,0,1,0,.000,.000
650490,647336,4,0,0,0,1,2,.000,.333
650490,641743,7,0,0,0,0,4,.000,.364
650490,579328,28,8,1,3,7,6,.286,.876
650490,607536,5,1,0,0,2,1,.200,.533
650490,665152,25,3,0,0,4,3,.120,.334
650490,682227,3,2,0,1,1,0,.667,1.334
650490,669302,17,4,0,1,1,2,.235,.610
650490,669022,6,3,1,2,0,0,.500,1.500
650490,681190,2,0,0,0,0,1,.000,.333
650490,676083,2,1,1,2,0,1,.500,2.667
643217,669467,3,1,0,0,0,0,.333,1.000
643217,669358,2,1,0,0,0,1,.500,1.667
643217,607536,9,3,1,3,4,0,.333,1.000
643217,663738,2,0,0,0,1,0,.000,.000
643217,607259,10,5,2,4,1,0,.500,1.600
643217,647336,4,2,0,0,1,0,.500,1.000
643217,665152,15,3,0,3,3,1,.200,.517
643217,663567,6,0,0,0,2,0,.000,.000
643217,693313,1,0,0,0,0,0,.000,.000
643217,641743,2,1,0,1,0,0,.500,1.500
643217,579328,16,4,0,0,5,1,.250,.607
643217,453286,9,4,0,2,4,0,.444,1.056
643217,800048,2,0,0,0,1,0,.000,.000
643217,640455,12,4,0,2,1,2,.333,.762
643217,694819,2,0,0,0,2,0,.000,.000
643217,554430,6,2,0,0,2,0,.333,.833
643217,683003,3,0,0,0,1,0,.000,.000
643217,669302,16,5,0,3,4,0,.313,.876
695731,669358,2,1,0,0,1,1,.500,1.667
643217,676083,4,2,0,1,0,0,.500,1.000
695731,663567,3,0,0,0,0,0,.000,.000
695731,607259,3,0,0,0,0,0,.000,.000
695731,663738,3,1,0,0,1,0,.333,.666
695731,800048,6,2,1,1,4,2,.333,1.333
695731,683003,3,0,0,0,0,0,.000,.000
695731,669022,2,1,0,1,0,0,.500,1.500
695731,665152,4,2,0,0,1,1,.500,1.350
686668,579328,2,0,0,0,2,0,.000,.000
686668,453286,1,1,0,0,0,1,1.000,2.000
686668,647336,4,0,0,0,1,0,.000,.000
686668,607259,4,0,0,0,1,0,.000,.000
686668,800048,6,1,0,0,3,0,.167,.334
686668,669467,4,2,0,0,2,0,.500,1.000
686668,663738,4,2,1,2,1,0,.500,1.650
686668,640455,10,0,0,0,4,1,.000,.091
686668,665152,2,1,0,0,1,0,.500,1.500
686668,687792,5,3,0,0,0,0,.600,1.267
686668,682227,5,2,0,0,1,1,.400,1.100
686668,676083,1,0,0,1,0,0,.000,.000
686668,681190,16,6,1,2,5,2,.375,1.132
805367,669358,4,2,0,0,0,2,.500,1.417
686668,554430,3,0,0,0,1,0,.000,.000
686668,669022,2,1,0,1,1,1,.500,1.167
805367,693313,1,0,0,0,0,0,.000,.000
686668,683003,3,0,0,0,3,0,.000,.000
805367,663567,2,1,0,1,0,0,.500,1.000
805367,647336,2,1,0,0,1,0,.500,1.000
805367,663738,6,3,1,5,1,0,.500,1.500
805367,607259,2,0,0,0,0,0,.000,.000
805367,640455,3,0,0,0,0,0,.000,.000
805367,665152,7,1,0,0,1,0,.143,.286
805367,694819,2,1,1,1,1,1,.500,2.667
805367,683003,1,0,0,0,1,1,.000,.500
805367,800048,15,4,0,0,3,0,.267,.600
805367,669022,1,1,0,0,0,1,1.000,3.000
695657,647336,3,2,0,0,0,0,.667,1.334
695657,607259,3,1,1,2,2,0,.333,1.666
695657,800048,10,2,0,2,5,0,.200,.573
805367,676083,3,0,0,0,2,0,.000,.000
805367,669302,2,0,0,0,1,0,.000,.000
695657,663738,5,1,0,0,1,0,.200,.533
695657,669358,5,1,0,1,1,0,.200,.400
695657,663567,1,1,0,0,0,2,1.000,3.000
695657,694819,3,0,0,0,2,0,.000,.000
695657,686751,2,1,0,1,1,0,.500,1.000
695657,640455,3,1,1,1,1,0,.333,1.666
695657,676083,2,0,0,0,2,0,.000,.000
695657,579328,1,0,0,0,0,0,.000,.000
695657,665152,4,1,1,3,2,1,.250,1.400
695657,669302,3,0,0,0,2,1,.000,.250
695657,683003,3,1,0,0,1,0,.333,1.000
691011,607259,2,0,0,0,0,0,.000,.000
691011,687792,2,0,0,0,2,0,.000,.000
691011,665152,4,1,0,2,0,1,.250,.900
691011,800048,4,1,0,0,1,1,.250,.650
691011,669302,2,0,0,0,1,0,.000,.000
691019,669358,5,2,0,1,3,0,.400,.800
691019,800048,3,0,0,0,2,0,.000,.000
691019,663738,4,1,0,1,0,0,.250,.500
691019,665152,3,2,1,2,1,0,.667,2.334
682668,669358,2,1,0,0,1,1,.500,1.167
682668,663738,1,0,0,0,0,0,.000,.000
682668,607259,1,1,0,0,0,0,1.000,2.000
682668,694819,2,0,0,0,0,0,.000,.000
682668,687792,2,1,0,1,1,0,.500,1.000
682668,800048,10,1,0,0,4,0,.100,.200
682668,669467,2,0,0,0,0,0,.000,.000
682668,669022,2,2,0,0,0,0,1.000,2.500
682668,579328,1,0,0,0,0,0,.000,.000
682668,640455,3,0,0,0,1,0,.000,.000
682668,607536,2,0,0,0,0,0,.000,.000
682668,665152,2,0,0,0,0,0,.000,.000
682668,554430,3,1,0,0,0,0,.333,.666
678246,663567,5,1,0,0,1,0,.200,.400
678246,694819,2,0,0,0,2,0,.000,.000
678246,647336,2,1,0,1,0,1,.500,1.167
678246,669467,1,0,0,0,0,0,.000,.000
678246,607259,9,2,1,1,0,0,.222,.778
678246,669358,4,2,1,2,0,2,.500,2.167
678246,663738,11,4,0,1,0,1,.364,.872
678246,800048,14,2,1,1,3,1,.143,.557
678246,640455,12,3,1,3,3,1,.250,.869
682668,676083,2,1,0,0,0,0,.500,1.000
678246,453286,1,0,0,0,0,0,.000,.000
678246,607536,5,0,0,0,3,1,.000,.167
678246,686751,1,1,0,0,0,0,1.000,2.000
678246,669022,1,1,0,1,0,2,1.000,2.000
678246,683003,2,0,0,0,1,1,.000,.333
678246,669302,2,1,0,0,0,0,.500,1.500
678246,676083,2,1,0,0,0,0,.500,1.500
678246,554430,2,0,0,0,1,0,.000,.000
678246,665152,10,1,0,0,1,2,.100,.350
678246,579328,4,1,0,2,2,0,.250,.750
678246,682227,3,2,1,2,0,0,.667,2.667
808959,663567,1,0,0,1,0,2,.000,.667
808959,647336,3,1,0,0,2,0,.333,.666
808959,607259,3,2,1,2,0,0,.667,2.334
808959,663738,2,0,0,0,1,1,.000,.500
808959,665152,3,1,0,0,2,0,.333,1.000
808959,640455,2,0,0,0,0,1,.000,.333
808959,800048,4,1,1,1,1,0,.250,1.250
808959,579328,1,0,0,0,0,0,.000,.000
545341,669358,5,0,0,0,2,0,.000,.000
808959,669022,2,0,0,0,1,1,.000,.333
545341,663567,1,0,0,0,0,0,.000,.000
808959,669302,2,0,0,0,1,0,.000,.000
545341,693313,1,1,1,1,0,0,1.000,5.000
808959,676083,2,1,0,1,0,0,.500,1.000
808959,683003,3,0,0,0,1,0,.000,.000
545341,607259,7,2,0,0,1,0,.286,.572
545341,669467,2,0,0,0,1,0,.000,.000
545341,663738,12,4,1,4,0,2,.333,1.096
545341,647336,11,3,1,2,2,1,.273,.944
545341,607536,4,0,0,1,2,0,.000,.000
545341,453286,16,2,0,0,7,0,.125,.301
545341,640455,22,8,3,3,1,2,.364,1.326
545341,554430,12,1,0,0,7,0,.083,.166
545341,579328,19,5,1,3,3,2,.263,.754
545341,665152,6,1,0,1,1,0,.167,.334
545341,800048,12,5,0,0,1,0,.417,1.167
545341,669022,11,5,1,6,1,1,.455,1.409
803011,669358,3,0,0,0,0,0,.000,.000
545341,682227,5,1,0,0,0,0,.200,.400
545341,669302,7,1,1,2,1,0,.143,.714
803011,647336,2,0,0,0,0,0,.000,.000
803011,607259,3,1,0,0,0,0,.333,.666
803011,663567,2,0,0,0,1,1,.000,.333
803011,800048,3,0,0,0,0,0,.000,.000
803011,665152,6,2,1,1,0,0,.333,1.166
803011,669302,3,0,0,0,2,0,.000,.000
803011,579328,1,0,0,0,0,0,.000,.000
803011,683003,3,0,0,0,1,0,.000,.000
502054,800048,3,1,1,3,1,0,.333,1.666
502054,647336,1,0,0,0,1,0,.000,.000
502054,669358,5,1,0,0,1,0,.200,.800
502054,607259,7,1,0,1,4,2,.143,.586
502054,453286,26,3,0,1,12,1,.115,.302
502054,579328,8,3,2,2,3,2,.375,1.625
502054,669467,7,1,0,0,2,1,.143,.393
502054,694819,2,1,0,0,1,0,.500,1.000
502054,640455,14,7,2,4,2,0,.500,1.571
502054,663738,4,0,0,0,2,2,.000,.333
502054,663567,4,1,0,0,2,1,.250,.650
502054,665152,11,3,0,1,5,1,.273,.878
502054,687792,3,1,0,0,0,0,.333,.666
502054,641743,3,1,0,0,1,0,.333,.666
671976,663567,1,0,0,0,1,0,.000,.500
671976,669358,3,0,0,0,1,0,.000,.000
502054,554430,11,5,1,2,2,4,.455,1.327
502054,607536,28,8,1,2,7,2,.286,.762
671976,607259,2,0,0,0,0,0,.000,.000
502054,681190,3,2,0,0,0,0,.667,1.334
502054,669022,12,3,0,0,6,1,.250,.558
502054,682227,3,1,0,0,1,0,.333,.666
502054,683003,3,1,0,0,2,0,.333,1.333
671976,647336,2,1,0,0,0,0,.500,1.000
671976,800048,3,0,0,0,0,1,.000,.250
671976,640455,2,0,0,0,1,0,.000,.000
671976,665152,4,2,0,0,0,0,.500,1.000
671976,683003,2,0,0,0,1,0,.000,.000
671976,669022,2,1,0,0,0,0,.500,1.500
624428,663567,2,1,0,2,0,0,.500,1.500
624428,647336,3,2,0,1,0,0,.667,1.334
671976,676083,2,0,0,0,1,0,.000,.000
671976,669302,2,0,0,0,1,0,.000,.000
624428,607259,4,1,0,1,1,0,.250,.500
624428,669467,1,0,0,0,0,0,.000,.000
624428,607536,6,2,0,2,1,0,.333,.833
624428,665152,4,0,0,0,1,0,.000,.000
624428,640455,3,0,0,0,1,0,.000,.000
624428,641743,2,1,0,1,1,0,.500,1.000
624428,694819,1,0,0,0,1,1,.000,.500
624428,579328,2,0,0,0,0,0,.000,.000
624428,681190,5,1,1,1,0,1,.200,1.133
624428,669022,2,1,1,2,0,1,.500,2.667
624428,453286,26,8,1,2,1,2,.308,.934
624428,554430,11,1,1,2,1,0,.091,.455
624428,683003,3,0,0,0,2,1,.000,.250
624428,669302,2,0,0,0,0,0,.000,.000
669326,607259,2,0,0,0,1,0,.000,.000
624428,676083,4,2,0,1,0,0,.500,1.000
669326,669358,2,1,0,0,1,0,.500,1.000
669326,800048,2,0,0,0,0,0,.000,.000
669326,686751,1,0,0,0,0,0,.000,.000
669326,641743,2,2,0,1,0,0,1.000,2.500
669326,607536,2,1,0,0,0,0,.500,1.000
695681,669358,3,1,0,0,1,1,.333,.833
669326,682227,2,0,0,0,1,0,.000,.000
695681,647336,2,0,0,0,2,0,.000,.000
695681,800048,2,0,0,0,0,0,.000,.000
695681,695684,2,0,0,0,0,0,.000,.000
695681,686751,1,0,0,0,0,0,.000,.000
695681,669302,3,0,0,0,1,0,.000,.000
695681,665152,1,0,0,0,1,1,.000,.500
695681,554430,2,0,0,0,1,1,.000,.333
695681,607536,2,0,0,0,2,0,.000,.000
694203,800048,2,0,0,0,1,0,.000,.000
695681,683003,2,0,0,0,0,0,.000,.000
694203,665152,1,0,0,0,0,1,.000,.500
694203,694819,2,0,0,0,1,0,.000,.000
694203,669302,3,0,0,0,2,0,.000,.000
694203,669022,5,1,0,0,1,0,.200,.400
694203,607536,2,0,0,0,0,0,.000,.000
694203,554430,2,0,0,0,1,0,.000,.000
694203,686751,1,0,0,0,0,0,.000,.000
642350,663567,2,0,0,0,0,1,.000,.333
642350,669358,1,1,0,0,0,1,1.000,2.000
642350,607259,4,2,0,0,1,0,.500,1.250
642350,640455,4,1,0,0,2,0,.250,1.150
642350,663738,2,1,1,1,0,0,.500,2.500
642350,579328,8,2,1,1,6,1,.250,.958
642350,800048,2,0,0,0,1,0,.000,.000
642350,665152,4,0,0,0,3,0,.000,.000
642350,669302,5,0,0,0,2,0,.000,.000
642350,683003,5,0,0,0,3,0,.000,.000
642350,607536,3,1,1,4,0,0,.333,1.666
666139,663567,4,2,0,0,1,0,.500,1.000
642350,686751,1,1,0,0,0,0,1.000,2.000
642350,669022,10,2,0,0,5,0,.200,.400
642350,554430,6,0,0,0,3,0,.000,.000
666139,693313,1,0,0,0,1,0,.000,.000
666139,607259,3,1,0,0,2,0,.333,.666
642350,681190,3,0,0,0,2,0,.000,.000
666139,695684,1,0,0,0,1,1,.000,.500
666139,640455,2,0,0,0,1,0,.000,.000
666139,663738,1,0,0,0,0,0,.000,.000
666139,647336,3,0,0,0,1,0,.000,.000
666139,665152,19,3,0,1,3,3,.158,.484
666139,694819,2,0,0,0,1,0,.000,.000
666139,800048,5,0,0,0,2,0,.000,.000
666139,579328,9,3,0,1,2,0,.333,.777
666139,554430,5,0,0,0,3,1,.000,.167
666139,669302,8,3,1,1,3,0,.375,1.125
666139,607536,2,1,0,0,0,0,.500,1.000
666139,681190,2,1,0,0,0,1,.500,1.667
666139,683003,2,0,0,1,0,1,.000,.333
545361,669358,3,1,1,3,1,2,.333,1.933
666139,669022,4,0,0,0,1,0,.000,.000
545361,663567,9,2,1,1,5,1,.222,.856
545361,607259,28,7,2,5,3,3,.250,.843
545361,647336,2,0,0,0,1,0,.000,.000
545361,695684,3,1,0,2,0,0,.333,.666
545361,640455,23,10,4,5,5,4,.435,1.562
545361,453286,17,4,1,1,10,1,.235,.749
545361,800048,5,1,0,0,1,1,.200,.533
545361,686751,3,1,0,0,1,0,.333,1.000
545361,694819,3,0,0,0,2,0,.000,.000
545361,641743,2,2,0,0,0,1,1.000,2.500
545361,669022,12,2,1,2,3,2,.167,.703
545361,579328,17,8,2,6,4,4,.471,1.453
545361,607536,12,3,1,1,5,3,.250,.983
545361,669302,13,4,2,4,4,1,.308,1.203
545361,665152,9,1,1,1,3,2,.111,.777
545361,683003,3,0,0,0,1,0,.000,.000
545361,554430,6,0,0,0,3,2,.000,.333
694208,669358,2,1,0,1,0,0,.500,2.000
545361,682227,2,1,0,2,0,1,.500,1.667
694208,663567,3,1,0,0,0,1,.333,1.167
694208,607259,1,0,0,0,0,0,.000,.000
694208,640455,1,0,0,0,1,0,.000,.000
694208,695684,2,0,0,0,1,0,.000,.000
694208,694819,2,0,0,0,1,0,.000,.000
694208,686751,2,2,0,1,0,0,1.000,2.000
694208,669302,3,1,0,0,1,0,.333,.666
694208,702275,2,0,0,0,0,0,.000,.000
694208,665152,2,0,0,0,1,0,.000,.000
694208,681190,2,1,1,4,0,0,.500,2.500
694208,683003,1,1,0,0,0,1,1.000,2.000
694208,554430,3,0,0,0,1,0,.000,.000
694208,800048,2,1,0,1,0,0,.500,1.000
694208,669022,5,0,0,0,2,0,.000,.000
672724,607259,3,2,0,0,0,0,.667,1.334
672724,669358,3,0,0,0,2,0,.000,.000
672724,663567,4,1,0,0,1,0,.250,.650
672724,800048,3,1,0,0,1,0,.333,.666
672724,665152,2,0,0,0,0,0,.000,.000
672724,695684,1,0,0,0,1,0,.000,.500
672724,579328,6,0,0,0,2,0,.000,.000
672724,669022,9,1,0,0,4,2,.111,.384
672724,669302,2,0,0,0,0,0,.000,.000
672724,641743,1,0,0,0,0,0,.000,.500
672724,607536,7,2,0,1,2,0,.286,.715
518595,663567,2,0,0,0,1,0,.000,.000
518595,607259,2,0,0,0,1,0,.000,.000
672724,554430,2,1,0,0,1,0,.500,1.000
672724,683003,2,0,0,0,2,0,.000,.000
518595,669358,3,1,0,0,0,0,.333,.666
623168,647336,2,0,0,0,1,0,.000,.000
518595,640455,7,2,0,1,2,1,.286,.661
518595,669302,1,0,0,0,0,1,.000,.500
518595,579328,2,0,0,0,1,0,.000,.000
518595,687792,2,1,0,0,0,0,.500,1.000
518595,554430,21,8,1,3,3,2,.381,1.006
623168,695684,1,1,0,0,0,0,1.000,3.000
623168,669467,2,0,0,0,0,0,.000,.000
518595,686751,1,0,0,0,1,0,.000,.000
518595,800048,2,0,0,0,1,0,.000,.000
518595,641743,1,1,0,0,0,1,1.000,2.000
518595,663738,1,0,0,0,1,0,.000,.000
518595,607536,5,1,1,3,1,1,.200,1.133
623168,453286,2,0,0,0,0,0,.000,.000
518595,453286,33,7,2,8,12,0,.212,.751
518595,681190,7,2,0,1,2,1,.286,.661
623168,669358,5,2,0,0,2,0,.400,1.000
518595,669022,10,1,0,1,2,2,.100,.350
623168,640455,2,0,0,0,0,0,.000,.000
623168,694819,2,0,0,0,0,0,.000,.000
623168,669022,6,3,0,0,0,0,.500,1.000
623168,607536,1,0,0,0,0,1,.000,.500
623168,669302,3,0,0,0,0,0,.000,.000
687093,663567,5,3,0,2,2,0,.600,1.200
687093,669358,5,1,0,2,2,0,.200,.400
623168,641743,2,0,0,0,0,0,.000,.000
623168,554430,5,1,1,2,3,0,.200,1.000
687093,695684,2,1,0,1,0,0,.500,1.000
687093,663738,1,0,0,0,0,0,.000,.000
687093,669302,2,1,0,1,0,0,.500,1.667
687093,641743,2,1,0,1,0,0,.500,.833
687093,800048,5,0,0,0,1,1,.000,.167
687093,453286,2,1,0,0,0,0,.500,1.000
687093,554430,3,1,0,0,0,0,.333,.666
687093,669467,1,0,0,0,0,0,.000,.000
687093,686751,1,1,0,1,0,0,1.000,2.000
687093,694819,3,1,0,0,0,0,.333,.666
687093,665152,3,1,0,0,0,0,.333,.666
687093,607536,2,0,0,0,0,1,.000,.333
687093,607259,6,1,0,1,1,0,.167,.334
687093,669022,14,5,0,2,4,0,.357,.757
685133,663567,8,1,0,0,3,1,.125,.347
687093,683003,2,1,0,0,0,0,.500,1.000
685133,607259,4,0,0,0,1,0,.000,.000
687093,682227,1,0,0,0,0,1,.000,.500
685133,669302,3,2,0,0,0,0,.667,1.334
685133,694819,3,1,1,2,1,0,.333,1.666
685133,669022,2,1,0,0,0,0,.500,1.000
685133,665152,3,0,0,0,1,0,.000,.000
685133,554430,2,2,0,0,0,1,1.000,2.500
685133,686751,1,0,0,0,0,0,.000,.000
687263,669358,5,2,0,0,2,1,.400,1.100
687263,695684,3,1,0,1,2,0,.333,.666
687263,453286,5,2,0,0,1,0,.400,.900
685133,683003,3,1,0,0,0,0,.333,.666
687263,640455,3,0,0,0,1,0,.000,.000
687263,800048,5,3,1,2,0,1,.600,1.867
687263,647336,1,0,0,0,1,0,.000,.000
687263,663567,10,3,0,2,4,0,.300,.600
687263,607259,6,2,0,1,1,0,.333,.929
687263,694819,3,0,0,0,2,0,.000,.000
687263,579328,6,0,0,1,3,0,.000,.000
687263,669022,13,3,0,0,7,2,.231,.718
687263,665152,7,1,0,1,5,0,.143,.286
687263,641743,3,1,0,1,1,0,.333,.666
687263,607536,3,1,0,0,0,0,.333,.666
687263,676083,2,0,0,0,0,0,.000,.000
687263,682227,2,1,0,0,1,1,.500,1.167
687263,554430,2,1,0,0,0,0,.500,1.500
663586,669358,1,0,0,0,0,1,.000,.500
687263,669302,12,2,1,2,3,2,.167,.833
663586,663567,7,2,0,0,2,0,.286,.715
687263,683003,3,0,0,0,3,0,.000,.000
687263,681190,3,0,0,0,0,0,.000,.000
687263,686751,2,0,0,0,0,1,.000,.333
663586,607259,9,2,0,1,3,2,.222,.586
663586,647336,7,2,0,0,3,0,.286,.572
663586,669467,6,5,1,4,0,0,.833,2.333
663586,694819,5,1,0,0,3,0,.200,.400
663586,800048,3,0,0,0,0,0,.000,.000
663586,579328,8,3,0,1,2,0,.375,.750
663586,687792,2,0,0,0,0,1,.000,.333
663586,453286,21,6,1,1,8,0,.286,.794
663586,607536,14,5,2,3,3,0,.357,1.286
663586,676083,5,1,1,3,2,0,.200,1.000
663586,640455,10,3,1,1,5,1,.300,1.017
663586,665152,6,3,1,3,1,0,.500,1.667
663586,641743,3,1,0,1,1,0,.333,1.000
663586,669302,6,2,1,1,0,0,.333,1.166
663586,686751,1,0,0,0,0,0,.000,.000
663586,681190,6,1,0,1,3,2,.167,.542
663586,669022,14,5,0,1,5,0,.357,.804
663586,554430,49,13,1,6,17,3,.265,.798
663586,683003,2,0,0,0,1,0,.000,.000
676551,607259,2,0,0,0,0,0,.000,.000
663586,682227,2,0,0,0,0,0,.000,.000
676551,682227,4,0,0,0,3,0,.000,.000
680577,663738,1,0,0,0,0,0,.000,.000
642086,669358,2,2,0,2,0,0,1.000,2.000
642086,663738,2,1,0,0,0,1,.500,1.167
642086,694819,5,2,0,0,2,0,.400,.800
642086,607259,4,1,0,1,1,0,.250,.500
642086,669467,4,1,0,0,0,1,.250,.650
642086,640455,4,2,0,2,0,1,.500,1.100
642086,663567,3,0,0,0,1,0,.000,.000
642086,647336,10,3,0,1,2,0,.300,.600
642086,453286,19,1,0,1,7,4,.053,.313
642086,676083,4,2,1,3,0,0,.500,1.750
642086,641743,1,1,1,4,0,0,1.000,5.000
642086,665152,4,1,0,1,2,0,.250,.450
686948,669358,2,2,0,0,0,1,1.000,2.000
642086,669302,5,2,0,1,2,0,.400,1.200
686948,647336,7,2,1,3,0,0,.286,1.089
642086,681190,3,1,0,1,0,0,.333,.666
642086,607536,4,1,0,0,1,1,.250,.650
686948,694819,6,0,0,0,4,0,.000,.000
642086,554430,34,13,1,5,8,2,.382,.932
686948,607259,3,0,0,0,1,0,.000,.000
686948,800048,2,1,0,0,1,1,.500,1.167
686948,663567,3,1,0,0,1,0,.333,.666
686948,640455,5,1,0,0,0,1,.200,.733
686948,681190,2,1,0,0,0,0,.500,1.000
686948,607536,3,2,0,0,0,0,.667,1.334
686948,665152,2,2,0,0,0,0,1.000,2.500
686948,554430,8,1,0,0,4,1,.125,.347
686948,669302,5,1,1,1,1,1,.200,1.133
686948,641743,3,0,0,0,0,0,.000,.000
686948,579328,3,1,0,0,1,0,.333,.666
686948,669022,3,2,0,1,0,1,.667,1.417
686948,676083,2,1,0,0,0,0,.500,1.000
673490,607259,4,1,0,0,1,0,.250,.500
673490,669467,2,0,0,0,2,0,.000,.000
673490,693313,1,0,0,0,0,0,.000,.000
673490,663567,7,1,0,0,2,0,.143,.286
686948,682227,2,1,0,0,0,0,.500,1.000
686948,686751,1,0,0,0,0,0,.000,.000
673490,663738,2,0,0,0,1,0,.000,.000
686948,683003,2,0,0,0,2,0,.000,.000
673490,687792,4,1,0,0,0,0,.250,.500
673490,453286,10,2,0,0,4,0,.200,.400
673490,579328,3,1,0,0,0,0,.333,.666
673490,665152,8,2,0,0,1,0,.250,.500
673490,554430,10,2,1,1,6,1,.200,.773
673490,640455,12,1,0,0,2,1,.083,.237
673490,682227,4,0,0,0,1,0,.000,.000
673490,669302,12,0,0,1,5,0,.000,.000
673490,607536,21,8,1,2,0,2,.381,1.202
571657,669467,6,2,0,3,1,2,.333,.833
673490,669022,7,1,0,0,2,2,.143,.476
571657,663738,2,1,0,0,0,0,.500,1.167
571657,453286,6,2,1,1,2,0,.333,1.262
571657,607259,4,2,0,0,0,0,.500,1.000
571657,647336,2,1,0,1,0,0,.500,1.500
571657,579328,7,0,0,0,2,0,.000,.000
571657,640455,5,1,0,0,2,0,.200,.400
571657,665152,3,2,0,0,0,0,.667,1.334
571657,681190,3,0,0,0,0,0,.000,.000
571657,554430,2,0,0,0,1,0,.000,.000
571657,669022,8,1,0,1,2,0,.125,.375
571657,607536,8,2,1,1,1,0,.250,.875
621566,453286,15,4,1,2,7,0,.267,.734
621566,663567,8,2,0,0,1,0,.250,.500
621566,693313,1,0,0,0,1,0,.000,.000
621566,669467,5,3,1,3,1,1,.600,2.067
621566,669358,2,1,0,0,1,0,.500,1.500
621566,663738,2,1,0,0,0,0,.500,1.000
621566,647336,6,1,0,0,2,2,.167,.708
621566,800048,2,0,0,0,1,1,.000,.333
621566,687792,4,1,0,0,1,0,.250,.500
621566,607259,18,7,2,3,4,3,.389,1.198
621566,676083,6,3,0,2,2,1,.500,1.238
621566,607536,19,4,1,2,3,2,.211,.739
621566,640455,14,5,2,4,7,0,.357,1.143
621566,694819,5,0,0,0,2,1,.000,.167
621566,665152,5,4,1,2,0,1,.800,2.433
621566,669302,16,4,2,4,4,3,.250,1.118
621566,554430,34,6,2,2,11,5,.176,.694
621566,579328,28,8,2,2,7,4,.286,.982
643289,663567,3,1,0,0,0,0,.333,1.000
621566,669022,25,5,0,2,10,4,.200,.630
621566,681190,11,4,0,2,3,0,.364,.819
621566,682227,3,1,1,2,0,0,.333,1.666
621566,686751,1,0,0,0,1,0,.000,.000
621566,641743,5,0,0,0,2,0,.000,.000
643289,669467,3,1,0,0,0,0,.333,.666
643289,453286,3,0,0,0,2,0,.000,.000
643289,647336,3,2,0,0,0,0,.667,1.334
643289,669358,9,1,0,1,0,0,.111,.222
643289,607259,7,3,0,1,0,0,.429,.804
621566,683003,2,0,0,0,2,0,.000,.000
643289,694819,5,2,0,2,0,0,.400,.800
643289,800048,3,0,0,0,0,0,.000,.000
643289,681190,2,0,0,0,1,0,.000,.000
643289,607536,22,7,1,4,2,2,.318,1.011
643289,554430,8,0,0,0,3,0,.000,.000
643289,641743,2,2,0,0,0,0,1.000,2.000
643289,640455,15,3,1,1,0,0,.200,.600
643289,579328,10,2,0,0,2,0,.200,.500
643289,669022,7,3,0,0,3,1,.429,.929
643289,683003,2,0,0,0,0,0,.000,.000
671739,647336,6,3,0,0,0,1,.500,1.071
643289,676083,5,3,0,0,0,0,.600,1.400
643289,665152,12,2,0,0,2,0,.167,.334
643289,682227,2,1,0,0,0,0,.500,1.000
671739,607259,5,0,0,0,1,0,.000,.000
671739,663567,6,4,1,2,0,0,.667,1.834
671739,669358,2,1,0,0,0,0,.500,1.000
643289,669302,17,3,0,0,3,0,.176,.352
671739,694819,3,1,0,0,0,0,.333,1.000
671739,453286,12,3,0,1,1,1,.250,.641
671739,687792,3,1,0,1,1,0,.333,.833
671739,693313,1,0,0,0,0,0,.000,.000
671739,669467,7,2,0,0,0,0,.286,.572
671739,640455,10,1,0,1,3,1,.100,.282
671739,676083,7,1,0,0,0,0,.143,.286
671739,669302,5,0,0,0,2,0,.000,.000
671739,641743,3,1,0,0,1,0,.333,1.000
671739,579328,4,1,0,1,1,0,.250,.500
671739,607536,10,4,0,0,1,0,.400,.900
671739,681190,8,1,0,0,1,0,.125,.250
671739,669022,18,5,3,4,1,1,.278,1.183
671739,682227,3,2,1,1,0,0,.667,2.334
671739,665152,2,0,0,0,1,0,.000,.000
671739,554430,25,6,0,2,11,0,.240,.499
573262,669358,2,0,0,0,1,0,.000,.000
671739,683003,2,0,0,0,2,0,.000,.000
573262,663738,1,0,0,0,0,0,.000,.000
573262,669467,4,1,0,0,0,0,.250,.500
573262,687792,2,1,0,1,1,0,.500,1.500
573262,800048,3,0,0,0,1,0,.000,.000
573262,663567,12,4,1,3,3,4,.333,1.333
573262,607259,14,1,0,0,8,0,.071,.214
573262,647336,7,1,0,0,2,1,.143,.679
573262,453286,5,0,0,0,4,1,.000,.167
573262,579328,3,0,0,0,2,0,.000,.000
573262,640455,8,2,0,2,3,1,.250,.833
573262,694819,3,1,0,0,0,1,.333,.833
573262,676083,8,0,0,0,2,0,.000,.000
573262,689981,2,0,0,0,1,0,.000,.000
573262,669302,10,2,0,0,1,0,.200,.500
573262,665152,6,2,1,2,2,0,.333,1.333
573262,683003,6,1,1,1,1,0,.167,.834
573262,682227,2,0,0,0,0,1,.000,.333
573262,607536,24,9,1,5,4,2,.375,1.090
645277,669358,2,0,0,0,0,0,.000,.000
573262,554430,15,2,0,0,10,2,.133,.368
645277,800048,3,1,0,0,0,0,.333,.666
645277,693313,1,1,0,0,0,0,1.000,2.000
645277,607259,9,1,1,1,1,0,.111,.555
645277,694819,6,1,0,0,0,0,.167,.334
645277,669467,5,1,0,0,1,0,.200,.400
645277,663567,5,1,0,0,3,1,.200,.533
645277,453286,28,5,1,3,10,3,.179,.544
573262,669022,8,2,0,1,3,1,.250,.958
645277,663738,1,0,0,0,0,0,.000,.000
645277,640455,12,2,0,1,0,0,.167,.500
645277,647336,7,0,0,0,0,0,.000,.000
645277,687792,3,0,0,0,0,0,.000,.000
645277,676083,5,2,0,1,0,0,.400,.800
645277,669302,7,3,1,1,1,1,.429,1.357
645277,669022,19,6,1,3,3,0,.316,.879
645277,641743,4,1,0,0,2,0,.250,.500
645277,665152,5,1,0,0,1,0,.200,.400
645277,683003,2,0,0,0,0,0,.000,.000
645277,607536,26,12,0,5,1,1,.462,1.135
645277,682227,2,0,0,0,0,0,.000,.000
645277,554430,56,10,3,5,9,3,.179,.613
645277,579328,9,3,1,2,4,0,.333,1.000
660670,663567,6,0,0,0,1,0,.000,.000
645277,681190,9,5,0,2,0,0,.556,1.223
660670,607259,7,1,0,0,0,2,.143,.476
660670,669467,4,1,0,1,1,0,.250,.500
660670,800048,3,1,0,0,1,0,.333,1.333
660670,640455,4,1,0,0,0,1,.250,.650
660670,694819,2,0,0,0,0,1,.000,.333
660670,665152,5,1,0,0,0,1,.200,.533
660670,647336,5,1,0,1,2,1,.200,.733
660670,579328,9,3,1,1,2,0,.333,1.000
660670,453286,36,10,2,5,11,1,.278,.825
660670,607536,12,3,1,3,2,2,.250,.875
660670,554430,55,14,5,8,16,2,.255,.881
660670,641743,3,0,0,0,0,0,.000,.000
660670,669022,7,3,2,3,1,4,.429,2.065
660670,669302,3,1,0,0,1,0,.333,.666
660670,681190,5,1,0,0,1,0,.200,.800
669221,669467,3,1,1,1,1,0,.333,1.666
669221,607259,7,0,0,1,2,2,.000,.222
669221,663567,5,1,0,1,0,0,.200,.400
660670,676083,8,4,1,2,1,0,.500,1.375
660670,682227,1,0,0,0,0,0,.000,.000
669221,693313,1,0,0,0,1,0,.000,.000
669221,663738,3,0,0,0,2,0,.000,.000
669221,453286,6,2,1,2,3,0,.333,1.333
669221,687792,2,0,0,0,2,0,.000,.000
669221,579328,12,1,0,1,7,0,.083,.160
669221,665152,6,1,0,1,1,0,.167,.334
669221,640455,1,0,0,0,1,0,.000,.000
669221,669022,6,0,0,0,3,1,.000,.250
669221,607536,5,3,0,0,0,0,.600,1.400
669221,554430,13,3,1,4,4,0,.231,.769
669221,641743,3,1,0,0,1,0,.333,.833
669221,682227,2,0,0,0,1,0,.000,.000
669221,676083,4,2,0,2,2,0,.500,1.250
669221,669302,16,2,0,0,6,0,.125,.301
694197,669358,3,2,0,0,0,0,.667,1.334
694197,693313,1,1,0,0,0,0,1.000,2.000
694197,663738,1,0,0,0,0,0,.000,.000
694197,681190,3,0,0,0,1,0,.000,.000
682657,693313,1,0,0,0,0,0,.000,.000
682657,669467,3,0,0,0,0,0,.000,.000
682657,669358,5,0,0,0,3,0,.000,.000
682657,607259,4,0,0,0,2,0,.000,.000
694197,641743,2,0,0,0,0,1,.000,.500
682657,663738,3,1,1,2,1,0,.333,1.666
682657,647336,2,0,0,0,1,0,.000,.000
682657,640455,4,1,0,1,1,1,.250,1.000
682657,665152,4,1,0,0,0,0,.250,.500
682657,554430,4,0,0,0,0,0,.000,.000
682657,607536,2,0,0,0,0,0,.000,.000
682657,579328,1,1,0,0,0,0,1.000,2.000
682657,453286,2,2,2,4,0,0,1.000,5.000
682657,641743,3,2,0,0,1,0,.667,1.667
595978,663567,6,1,0,0,4,1,.167,.453
595978,647336,2,0,0,0,1,0,.000,.000
595978,669467,3,0,0,1,1,0,.000,.000
595978,663738,10,3,1,4,1,1,.300,.964
595978,607259,3,2,1,2,0,0,.667,2.334
595978,669358,3,0,0,0,1,0,.000,.000
595978,453286,7,1,0,0,3,0,.143,.286
595978,640455,5,1,0,0,0,1,.200,.733
595978,579328,3,0,0,0,1,0,.000,.000
595978,607536,15,6,0,1,3,1,.400,.971
595978,641743,6,0,0,0,1,1,.000,.143
595978,665152,1,0,0,1,0,0,.000,.000
595978,669302,7,2,0,0,2,0,.286,.715
595978,669022,2,0,0,1,0,1,.000,.333
595978,554430,2,1,0,0,0,0,.500,1.000
677587,663738,6,1,0,0,1,0,.167,.500
677587,647336,3,0,0,1,1,0,.000,.000
677587,663567,2,0,0,0,0,0,.000,.000
677587,669467,1,0,0,0,0,1,.000,.500
677587,669358,6,2,0,1,1,0,.333,.833
677587,607259,4,0,0,0,1,1,.000,.200
677587,640455,3,2,0,0,1,2,.667,1.500
677587,607536,1,0,0,0,0,0,.000,.000
677587,453286,1,1,0,0,0,0,1.000,2.000
677587,683003,2,0,0,0,1,0,.000,.000
677587,579328,4,2,0,0,1,0,.500,1.250
677587,686751,1,0,0,0,0,0,.000,.000
677587,669022,3,1,0,0,1,0,.333,.666
677587,669302,7,2,0,3,1,0,.286,.857
677587,665152,3,1,1,4,1,1,.333,1.833
677587,676083,2,1,0,1,0,0,.500,1.000
800050,607259,3,1,0,0,0,0,.333,.666
800050,663738,3,0,0,0,2,0,.000,.000
800050,663567,3,1,0,0,0,0,.333,.666
677587,641743,8,3,0,0,2,0,.375,.750
800050,640455,1,1,0,0,0,2,1.000,2.000
800050,669358,5,1,1,2,0,1,.200,1.133
800050,453286,2,0,0,0,0,0,.000,.000
800050,686751,1,1,0,0,0,0,1.000,2.000
800050,665152,3,0,0,0,0,0,.000,.000
800050,554430,3,1,0,0,1,0,.333,1.000
682177,669358,2,1,0,2,1,0,.500,1.500
800050,683003,2,1,0,0,1,0,.500,1.000
800050,669302,3,1,1,1,1,0,.333,1.666
682177,663567,2,0,0,0,2,1,.000,.333
800050,681190,3,1,0,0,0,0,.333,.666
682177,663738,4,0,0,1,2,0,.000,.000
800050,641743,5,1,0,0,0,0,.200,.400
800050,669022,3,2,0,0,0,0,.667,1.667
682177,669467,2,0,0,0,0,1,.000,.333
682177,607259,3,1,0,0,1,0,.333,.666
682177,647336,3,1,0,0,2,0,.333,.666
682177,579328,2,1,0,1,1,0,.500,1.000
682177,665152,4,2,0,0,1,0,.500,1.000
682177,453286,3,3,1,1,0,1,1.000,3.333
682177,554430,4,0,0,0,2,1,.000,.200
682177,669022,1,0,0,0,0,1,.000,.500
682177,669302,5,1,0,0,2,0,.200,.600
681807,663738,5,1,0,0,2,2,.200,.829
681807,669358,2,0,0,0,1,1,.000,.333
682177,676083,3,1,0,0,0,0,.333,.666
681807,647336,3,2,1,2,0,0,.667,2.417
681807,607259,3,1,0,0,0,0,.333,1.000
681807,640455,4,1,0,1,0,1,.250,.750
681807,607536,1,1,1,2,0,0,1.000,5.000
681807,641743,6,0,0,0,2,1,.000,.143
681807,665152,3,1,0,0,0,0,.333,.666
681807,579328,1,1,0,1,0,0,1.000,2.000
681807,669302,2,0,0,0,1,0,.000,.000
681807,669022,3,1,1,3,1,0,.333,1.666
666176,669358,11,1,0,0,3,0,.091,.182
666176,663738,1,0,0,0,0,1,.000,.500
666176,800048,3,0,0,0,1,0,.000,.000
666176,663567,6,0,0,0,2,0,.000,.000
666176,647336,2,1,0,0,0,0,.500,1.000
666176,694819,2,0,0,0,1,1,.000,.333
666176,453286,3,0,0,2,1,1,.000,.200
666176,607259,3,0,0,0,1,1,.000,.400
666176,640455,5,3,0,0,1,1,.600,1.467
666176,681190,5,2,0,0,2,0,.400,1.000
666176,641743,6,1,0,2,1,1,.167,.453
666176,669302,7,0,0,0,5,0,.000,.000
666176,579328,1,1,1,1,0,0,1.000,5.000
666176,669022,7,2,2,5,1,0,.286,1.429
666176,686751,2,0,0,0,1,0,.000,.000
666176,554430,3,0,0,0,2,0,.000,.000
666176,665152,2,1,0,0,1,0,.500,1.000
666176,607536,11,2,0,2,5,0,.182,.364
608070,663567,3,1,0,0,2,1,.333,.833
608070,669358,9,2,1,2,3,2,.222,1.084
608070,663738,15,6,0,3,2,5,.400,1.057
666176,682227,2,1,0,0,0,0,.500,1.167
608070,693313,1,0,0,0,1,0,.000,.000
608070,669467,5,2,0,0,2,0,.400,.800
608070,607259,11,1,0,0,1,0,.091,.182
666176,676083,3,0,0,0,0,0,.000,.000
608070,453286,12,2,0,2,2,2,.167,.536
608070,686751,1,1,1,1,0,0,1.000,5.000
608070,647336,8,2,0,0,4,2,.250,.830
608070,640455,18,3,0,0,5,2,.167,.417
608070,665152,14,3,0,2,1,2,.214,.527
608070,641743,3,0,0,0,0,1,.000,.250
608070,669302,18,5,1,2,2,1,.278,.760
608070,579328,16,6,2,3,2,1,.375,1.162
608070,681190,2,0,0,1,1,0,.000,.000
608070,669022,2,0,0,1,0,1,.000,.333
663993,669358,6,2,1,3,2,0,.333,1.166
608070,607536,5,2,1,1,0,0,.400,1.600
608070,676083,3,2,1,1,0,0,.667,2.667
608070,554430,9,2,0,1,2,0,.222,.444
663993,663738,2,1,0,0,0,1,.500,1.667
663993,607259,6,2,0,0,1,0,.333,.833
663993,647336,3,0,0,0,1,0,.000,.000
663993,693313,1,0,0,0,1,0,.000,.000
663993,663567,1,0,0,0,0,0,.000,.000
663993,453286,5,0,0,0,2,1,.000,.167
663993,800048,2,0,0,0,0,0,.000,.000
663993,640455,8,1,1,1,3,0,.125,.625
663993,665152,15,4,1,3,3,1,.267,.780
663993,694819,2,0,0,0,1,0,.000,.000
663993,579328,8,4,1,3,3,4,.500,1.542
663993,669467,11,4,2,4,2,1,.364,1.326
663993,695684,1,0,0,0,0,1,.000,.500
663993,683003,2,0,0,0,2,0,.000,.000
672275,669358,4,2,0,1,0,0,.500,1.350
663993,607536,5,2,0,2,1,1,.400,.900
663993,669022,2,1,0,0,1,1,.500,1.167
663993,681190,3,1,0,0,0,0,.333,.666
663993,669302,36,12,0,1,7,1,.333,.795
663993,554430,17,4,0,0,8,2,.235,.610
663993,676083,6,1,0,0,3,0,.167,.334
672275,669467,8,4,0,1,0,0,.500,1.000
672275,663567,1,1,0,0,0,0,1.000,3.000
672275,607259,7,2,0,0,3,0,.286,.715
672275,640455,4,2,0,0,1,1,.500,1.350
672275,689981,3,2,0,0,0,0,.667,1.334
672275,579328,3,1,0,0,2,0,.333,.666
672275,607536,8,2,0,0,1,1,.250,.583
672275,665152,4,0,0,0,1,0,.000,.000
672275,554430,2,0,0,0,0,2,.000,.500
672275,681190,2,0,0,0,1,0,.000,.000
672275,683003,7,2,0,0,1,0,.286,.715
672275,669302,6,0,0,0,1,0,.000,.000
672275,676083,2,1,0,0,1,0,.500,1.000
672275,682227,6,2,1,2,2,0,.333,1.166
672275,669022,9,3,0,0,4,0,.333,.666
690984,607259,2,0,0,0,0,0,.000,.000
690984,681190,2,1,0,0,0,0,.500,1.000
680757,669358,12,4,0,1,2,0,.333,.666
690984,669302,3,0,0,0,1,0,.000,.000
690984,641743,4,1,0,0,1,0,.250,.500
680757,607259,7,3,0,2,1,0,.429,1.143
680757,663738,13,2,0,0,1,0,.154,.308
680757,453286,5,1,0,0,1,1,.200,.533
680757,663567,2,1,0,0,0,1,.500,1.167
680757,640455,8,2,0,0,1,1,.250,.650
680757,647336,7,2,0,0,0,1,.286,.661
680757,686751,1,0,0,0,0,0,.000,.000
680757,579328,8,0,0,0,0,0,.000,.000
680757,641743,5,0,0,0,2,0,.000,.000
683953,669358,2,0,0,0,0,0,.000,.333
680757,676083,3,0,0,0,0,0,.000,.000
680757,554430,8,2,0,0,0,0,.250,.625
680757,681190,2,2,0,1,0,0,1.000,2.500
680757,607536,2,0,0,0,0,0,.000,.000
680757,683003,1,1,0,0,0,1,1.000,2.000
680757,669302,18,2,0,1,5,0,.111,.216
680757,665152,14,4,0,0,3,0,.286,.643
683953,607259,5,1,0,0,1,1,.200,.533
683953,641743,10,3,0,1,0,0,.300,.600
683953,640455,3,1,0,1,1,0,.333,.666
683953,554430,3,0,0,0,0,0,.000,.000
683953,681190,1,1,0,0,0,1,1.000,2.000
683953,669302,3,2,0,0,0,0,.667,1.334
683953,683003,3,1,0,1,2,0,.333,1.333
699115,702275,3,0,0,0,2,0,.000,.000
667472,647336,4,1,1,2,2,0,.250,1.250
667472,663738,1,1,0,0,0,0,1.000,3.000
667472,663567,3,0,0,0,2,1,.000,.250
667472,687792,2,0,0,0,2,0,.000,.000
667472,669467,5,0,0,0,0,0,.000,.000
667472,669022,8,3,1,1,3,0,.375,1.194
667472,607536,6,2,0,2,0,1,.333,1.000
667472,640455,2,1,1,2,1,1,.500,2.667
667472,607259,4,1,0,1,2,0,.250,.500
667472,665152,2,0,0,0,1,0,.000,.000
667472,686751,1,0,0,0,1,0,.000,.000
667472,554430,2,0,0,1,0,0,.000,.000
667472,702275,2,0,0,0,1,0,.000,.000
667472,683003,1,0,0,0,0,1,.000,.500
682829,693313,1,0,0,0,1,0,.000,.000
682829,647336,9,2,0,0,3,1,.222,.633
682829,669467,28,7,0,0,6,4,.250,.665
667472,681190,2,0,0,0,0,0,.000,.000
682829,669358,6,0,0,0,4,0,.000,.000
682829,579328,3,0,0,0,1,0,.000,.000
682829,663567,3,2,0,0,0,0,.667,1.667
682829,694819,4,0,0,0,2,1,.000,.200
682829,640455,9,3,1,2,3,0,.333,1.067
682829,663738,4,0,0,0,1,0,.000,.000
682829,607259,5,0,0,0,2,0,.000,.000
682829,665152,3,0,0,0,2,0,.000,.000
682829,683003,6,2,1,3,2,0,.333,1.333
682829,641743,1,1,0,0,0,0,1.000,2.000
682829,681190,4,1,0,0,1,1,.250,.650
682829,607536,8,5,0,2,1,0,.625,1.250
682829,686751,1,0,0,0,1,0,.000,.000
682829,554430,11,1,0,1,4,1,.091,.349
682829,669022,7,3,1,2,2,2,.429,1.556
682829,702275,1,1,1,1,0,2,1.000,5.000
553993,663567,5,2,0,0,1,0,.400,1.000
553993,669358,3,1,0,0,1,0,.333,1.000
682829,676083,5,2,0,0,0,0,.400,1.000
682829,669302,4,1,0,0,1,1,.250,.650
553993,669467,10,3,0,1,3,0,.300,.573
553993,453286,19,3,2,3,9,1,.158,.674
553993,695684,2,0,0,0,1,0,.000,.000
553993,693313,3,0,0,0,2,0,.000,.000
553993,640455,12,1,0,0,6,1,.083,.297
553993,579328,14,5,3,3,3,2,.357,1.438
553993,694819,2,1,0,0,1,0,.500,1.000
553993,647336,9,2,0,0,1,2,.222,.586
553993,607536,16,5,0,1,3,2,.313,.764
553993,663738,2,0,0,0,0,0,.000,.333
553993,607259,9,2,1,2,3,1,.222,.829
553993,665152,14,2,0,0,6,1,.143,.414
553993,669022,9,3,0,0,5,0,.333,.666
553993,686751,1,1,0,0,0,0,1.000,3.000
553993,702275,2,0,0,0,0,0,.000,.000
553993,681190,10,2,1,1,3,0,.200,.700
553993,683003,2,0,0,0,1,0,.000,.000
699302,669467,3,1,0,2,0,0,.333,.666
553993,669302,3,1,0,1,0,0,.333,1.000
553993,676083,3,0,0,0,0,0,.000,.000
553993,554430,18,4,1,2,4,0,.222,.639
699302,686751,1,0,0,0,0,0,.000,.000
699302,702275,2,0,0,0,2,0,.000,.000
699302,681190,3,2,0,1,1,0,.667,1.667
668709,695684,1,0,0,0,0,0,.000,.000
668709,607259,1,0,0,0,1,1,.000,.500
668709,453286,2,1,1,1,0,1,.500,2.667
668709,669467,8,4,0,0,0,1,.500,1.056
668709,647336,8,2,0,2,2,0,.250,.875
668709,669358,3,0,0,0,0,0,.000,.000
668709,663738,2,0,0,0,0,0,.000,.000
668709,640455,4,0,0,0,4,0,.000,.000
668709,693313,1,0,0,0,0,0,.000,.000
668709,694819,3,0,0,0,2,0,.000,.000
668709,689981,2,1,0,0,0,1,.500,1.167
668709,683003,2,0,0,0,0,0,.000,.000
668709,665152,3,1,0,0,0,0,.333,.666
668709,702275,2,2,0,0,0,0,1.000,2.000
668709,554430,8,3,1,1,2,1,.375,1.194
668709,669022,2,1,0,2,0,0,.500,1.000
668709,686751,1,1,1,1,0,0,1.000,5.000
668709,607536,3,0,0,0,1,0,.000,.000
668709,669302,15,2,0,0,2,1,.133,.455
624431,453286,3,0,0,0,0,0,.000,.000
668709,579328,3,0,0,0,2,2,.000,.400
668709,681190,5,3,0,1,0,2,.600,1.314
624431,669467,9,3,1,1,0,1,.333,1.067
624431,607259,1,0,0,0,0,0,.000,.000
624431,669358,4,1,0,0,1,0,.250,.500
624431,663738,5,2,1,3,1,0,.400,1.400
624431,694819,2,2,1,3,0,0,1.000,3.500
624431,647336,4,0,0,0,0,0,.000,.000
624431,607536,6,1,0,1,1,0,.167,.334
624431,579328,13,2,1,2,3,0,.154,.539
624431,640455,9,1,0,0,2,0,.111,.333
624431,665152,3,2,0,0,0,1,.667,1.417
624431,669302,10,1,1,2,0,1,.100,.582
624431,669022,2,0,0,0,0,0,.000,.000
682877,663567,2,0,0,0,1,0,.000,.000
624431,676083,2,1,0,1,1,0,.500,.833
624431,681190,2,0,0,0,1,0,.000,.000
624431,683003,4,2,0,0,0,0,.500,1.250
682877,669358,3,0,0,0,2,0,.000,.000
682877,681190,2,0,0,0,0,0,.000,.000
663647,693313,2,0,0,0,1,0,.000,.000
663647,647336,1,0,0,0,0,1,.000,.500
663647,669467,16,3,0,1,3,1,.188,.423
663647,669358,2,2,0,0,0,0,1.000,2.000
663647,607259,2,1,0,0,0,0,.500,1.000
663647,694819,2,1,0,1,0,1,.500,1.167
663647,663567,1,0,0,0,1,0,.000,.000
663647,689981,2,0,0,0,1,0,.000,.000
663647,579328,8,5,1,2,1,1,.625,1.917
663647,665152,6,2,0,0,0,0,.333,.833
663647,640455,6,2,0,0,1,1,.333,.762
663647,607536,12,5,0,2,3,1,.417,.879
663647,669302,3,0,0,0,1,0,.000,.000
663647,641743,1,0,0,0,0,0,.000,.000
663647,681190,8,4,0,1,0,0,.500,1.000
663647,669022,6,0,0,0,2,1,.000,.250
663647,554430,8,2,0,0,3,0,.250,.500
663647,682227,5,1,0,0,0,0,.200,.400
663647,676083,6,1,0,0,0,0,.167,.334
680574,663738,4,2,1,3,1,0,.500,1.750
680574,663567,2,0,0,0,1,0,.000,.000
680574,607259,5,1,0,0,1,0,.200,.400
680574,647336,4,1,0,0,1,2,.250,1.000
680574,669358,3,1,0,0,1,0,.333,.666
680574,669467,12,2,0,0,5,2,.167,.453
680574,640455,5,0,0,0,2,1,.000,.167
680574,607536,6,0,0,0,2,0,.000,.000
680574,681190,5,2,0,1,0,0,.400,.800
680574,641743,1,1,0,1,0,0,1.000,2.000
680574,686751,1,0,0,0,1,0,.000,.000
665828,669358,5,2,0,0,3,1,.400,.900
680574,702275,2,0,0,0,0,0,.000,.000
680574,554430,5,0,0,0,2,0,.000,.000
680574,669022,6,3,0,0,2,1,.500,1.071
680574,676083,5,0,0,0,0,1,.000,.167
665828,607259,2,1,0,0,0,0,.500,1.000
665828,640455,3,0,0,0,1,1,.000,.250
665828,579328,7,2,1,1,1,0,.286,1.143
665828,453286,2,0,0,0,0,1,.000,.333
665828,665152,7,2,0,0,1,0,.286,.572
701398,693313,2,1,1,1,1,0,.500,2.500
701398,663738,1,0,0,0,1,0,.000,.000
701398,647336,6,2,0,1,1,0,.333,.666
665828,676083,2,1,0,1,0,0,.500,1.000
701398,607259,3,1,0,0,1,0,.333,.666
701398,669467,9,1,0,0,3,2,.111,.384
665828,683003,2,1,0,0,0,0,.500,1.500
701398,686751,1,0,0,0,1,0,.000,.000
701398,607536,2,0,0,0,1,0,.000,.000
701398,640455,2,1,0,1,0,0,.500,1.000
701398,702275,2,1,0,0,1,1,.500,1.167
701398,683003,3,2,1,2,0,0,.667,2.334
701398,695684,2,0,0,0,1,0,.000,.000
701398,681190,2,0,0,0,0,0,.000,.000
701398,694819,4,1,1,1,3,0,.250,1.250
701398,676083,3,1,0,1,0,0,.333,.666
701398,669022,3,0,0,0,1,0,.000,.000
701398,554430,3,1,0,0,2,0,.333,.666
663886,663567,2,1,0,1,0,1,.500,1.667
663886,669358,4,3,1,2,0,0,.750,2.250
663886,453286,3,0,0,0,2,0,.000,.000
663886,607259,1,1,1,2,0,1,1.000,5.000
663886,669467,11,2,0,1,4,1,.182,.523
663886,647336,7,1,1,2,2,0,.143,.696
663886,693313,1,0,0,0,0,0,.000,.000
663886,663738,4,1,1,1,1,0,.250,1.250
663886,607536,8,2,1,1,1,0,.250,1.000
663886,695684,2,1,1,3,0,0,.500,2.500
663886,694819,1,0,0,0,1,0,.000,.500
663886,669022,3,1,1,1,1,2,.333,1.933
663886,579328,2,0,0,0,1,0,.000,.000
663886,641743,1,0,0,0,0,0,.000,.000
663886,702275,3,0,0,0,2,0,.000,.000
663886,681190,2,0,0,0,1,0,.000,.000
663886,669302,3,1,0,0,1,0,.333,.666
663886,686751,1,0,0,0,0,0,.000,.000
663886,683003,3,1,0,1,2,0,.333,.666
677943,669467,2,0,0,0,2,0,.000,.000
663886,676083,4,1,1,2,0,0,.250,1.200
663886,640455,7,1,0,0,4,2,.143,.476
663886,554430,10,2,0,1,6,1,.200,.573
665966,669358,5,1,0,1,0,0,.200,.400
665966,453286,4,0,0,0,1,0,.000,.000
665966,663738,2,1,0,0,0,1,.500,1.667
665966,647336,3,1,0,0,2,0,.333,.666
665966,686751,1,1,1,2,0,0,1.000,5.000
665966,579328,3,1,0,0,0,0,.333,.666
665966,669302,2,0,0,0,1,0,.000,.000
665966,554430,5,1,0,0,1,0,.200,.400
665966,694819,1,1,0,0,0,0,1.000,2.000
665966,681190,2,0,0,0,0,0,.000,.000
665966,607536,3,1,0,0,1,0,.333,1.000
687952,453286,4,2,0,0,1,0,.500,1.000
665966,665152,4,2,0,0,2,1,.500,1.100
665966,676083,3,1,0,0,0,0,.333,.666
687952,607259,2,0,0,0,1,0,.000,.000
687952,669467,1,1,0,0,0,0,1.000,2.000
687952,640455,5,2,1,1,1,0,.400,1.400
687952,647336,3,1,1,2,1,0,.333,1.666
687952,554430,9,1,0,2,3,0,.111,.333
687952,669302,6,1,0,1,3,0,.167,.334
687952,665152,2,1,0,0,0,0,.500,1.000
687952,641743,1,1,0,2,0,0,1.000,2.000
691723,663567,4,1,0,0,1,0,.250,.500
691723,607259,2,0,0,0,1,0,.000,.000
691723,693313,2,0,0,0,1,0,.000,.000
691723,663738,1,0,0,0,0,0,.000,.000
691723,453286,8,1,0,0,3,0,.125,.250
691723,800048,3,0,0,0,1,0,.000,.000
691723,687792,2,1,0,0,0,0,.500,1.000
691723,579328,2,1,0,1,0,1,.500,1.667
691723,665152,2,0,0,0,0,0,.000,.000
691723,669302,5,1,0,0,2,0,.200,.400
691723,640455,2,1,0,0,0,0,.500,1.000
691723,607536,3,1,1,1,0,0,.333,1.666
691723,694819,1,0,0,0,0,0,.000,.000
681297,663567,5,1,0,0,1,0,.200,.400
681297,694819,1,0,0,0,1,0,.000,.000
681297,669358,1,0,0,0,0,2,.000,.667
681297,693313,2,1,0,0,0,0,.500,1.500
681297,647336,2,1,1,1,1,0,.500,2.500
681297,579328,6,1,0,0,2,0,.167,.334
681297,453286,8,3,2,4,2,3,.375,1.795
681297,640455,5,1,0,0,2,0,.200,.400
681297,665152,2,0,0,0,1,0,.000,.000
681297,607259,3,1,0,0,1,0,.333,1.000
681297,607536,2,0,0,0,1,0,.000,.000
681297,554430,2,2,1,2,0,0,1.000,3.500
681297,687792,2,0,0,0,0,0,.000,.000
687637,669358,2,0,0,0,0,0,.000,.000
681297,669302,5,0,0,0,3,1,.000,.167
681297,683003,2,1,0,0,1,0,.500,1.000
687637,663567,4,0,0,0,4,1,.000,.200
687637,607259,2,0,0,0,0,0,.000,.000
681297,676083,2,1,0,0,0,0,.500,1.167
681297,681190,6,1,0,0,0,0,.167,.334
687637,693313,2,1,0,0,0,0,.500,1.000
687637,453286,6,3,1,3,1,3,.500,1.667
687637,694819,2,0,0,0,1,0,.000,.000
687637,554430,1,0,0,0,1,0,.000,.000
687637,665152,2,0,0,0,2,0,.000,.000
683002,669467,3,1,1,1,0,1,.333,1.833
683002,663567,5,0,0,0,1,0,.000,.000
683002,693313,2,1,0,0,0,0,.500,1.000
683002,669358,5,2,1,1,0,0,.400,1.400
683002,663738,6,4,0,0,2,0,.667,1.334
683002,453286,12,4,0,2,2,2,.333,.846
683002,665152,2,0,0,0,0,1,.000,.333
683002,647336,4,1,1,1,3,0,.250,1.250
683002,640455,5,1,0,0,3,0,.200,.400
683002,687792,2,1,1,2,1,1,.500,2.667
683002,607259,2,0,0,0,1,1,.000,.333
683002,579328,19,5,0,1,6,2,.263,.701
683002,800048,3,0,0,0,1,0,.000,.000
683002,607536,2,1,0,1,1,0,.500,.833
683002,694819,1,0,0,0,1,0,.000,.000
683002,669302,14,1,0,0,6,1,.071,.276
683002,669022,7,0,0,0,4,1,.000,.125
683002,681190,7,2,0,1,1,1,.286,.661
683002,676083,3,2,0,0,0,0,.667,2.000
677008,663738,1,0,0,0,0,0,.000,.000
683002,554430,4,1,1,1,1,0,.250,1.250
677008,669467,3,0,0,1,2,0,.000,.000
677008,647336,2,0,0,0,1,0,.000,.000
683002,683003,3,1,1,1,1,0,.333,1.666
677008,453286,5,1,0,1,2,0,.200,.400
677008,669022,2,0,0,0,2,0,.000,.000
669236,663567,2,1,0,1,0,0,.500,1.500
669236,453286,2,1,0,1,0,0,.500,1.000
669236,693313,2,1,1,2,0,0,.500,2.500
669236,686751,1,0,0,0,1,0,.000,.000
669236,640455,2,1,1,1,0,0,.500,2.500
669236,694819,1,0,0,0,1,0,.000,.000
669236,800048,3,0,0,0,2,0,.000,.000
676480,669467,3,0,0,0,1,0,.000,.000
676480,663738,3,0,0,0,0,0,.000,.000
676480,554430,2,1,0,1,0,0,.500,1.000
676480,607536,2,2,0,0,0,0,1.000,2.000
665750,669358,3,1,0,0,0,0,.333,.666
665750,663567,1,0,0,0,0,0,.000,.000
665750,663738,3,0,0,0,0,0,.000,.000
665750,669467,3,0,0,1,2,0,.000,.000
665750,607259,4,0,0,0,1,0,.000,.000
665750,607536,2,0,0,0,0,0,.000,.000
665750,694819,1,0,0,0,0,0,.000,.000
665750,800048,2,1,0,0,1,1,.500,1.167
665750,665152,8,0,0,0,2,0,.000,.000
665750,453286,2,0,0,0,0,0,.000,.000
665750,579328,6,1,0,0,3,0,.167,.334
665750,669022,4,2,0,0,1,0,.500,1.000
665750,640455,5,1,0,0,3,0,.200,.400
665750,554430,4,1,0,0,1,0,.250,.500
665750,669302,22,2,2,4,8,1,.091,.489
665750,681190,2,1,0,1,1,0,.500,2.000
624413,669358,3,0,0,0,2,0,.000,.000
665750,676083,4,2,0,1,1,0,.500,1.000
624413,453286,26,5,1,2,12,1,.192,.635
624413,687792,8,3,0,0,2,0,.375,.750
624413,669467,8,2,0,1,1,3,.250,.705
624413,640455,4,1,1,2,1,2,.250,1.500
624413,800048,3,0,0,0,1,0,.000,.000
624413,663567,7,2,0,1,2,3,.286,1.071
624413,647336,17,5,1,3,6,2,.294,.839
624413,607259,8,1,0,0,0,1,.125,.347
624413,554430,39,11,0,3,10,3,.282,.711
624413,607536,6,2,0,0,2,1,.333,.929
624413,694819,3,0,0,0,1,0,.000,.000
624413,683003,2,1,0,0,0,0,.500,1.500
624413,669302,10,2,0,0,3,1,.200,.633
624413,579328,2,0,0,0,0,0,.000,.000
624413,641743,1,0,0,0,1,0,.000,.000
624413,681190,4,3,2,2,1,1,.750,3.050
624413,665152,7,0,0,0,1,1,.000,.125
624413,669022,20,2,1,3,3,2,.100,.432
677956,663567,2,2,0,1,0,0,1.000,3.500
624413,682227,4,1,0,0,0,0,.250,.750
677956,640455,3,0,0,0,2,0,.000,.000
677956,669022,1,0,0,0,0,0,.000,.000
677956,607536,5,1,0,1,3,0,.200,.400
677956,681190,2,1,0,0,1,0,.500,1.000
650968,640455,4,1,0,0,1,0,.250,.500
650968,647336,1,0,0,0,0,1,.000,.500
650968,554430,2,0,0,0,1,0,.000,.000
650968,607536,3,0,0,0,0,0,.000,.000
650968,669022,5,1,0,1,1,1,.200,.533
682663,669467,4,0,0,0,0,0,.000,.333
682663,669358,1,1,0,0,0,2,1.000,2.000
682663,647336,2,0,0,0,2,0,.000,.000
682663,607259,5,3,0,2,0,1,.600,1.667
682663,579328,3,1,0,0,1,0,.333,.666
682663,607536,7,0,0,0,1,2,.000,.222
682663,694819,3,0,0,0,1,0,.000,.000
682663,640455,3,0,0,0,1,0,.000,.000
682663,682227,2,1,0,0,0,1,.500,2.167
682663,669022,6,3,0,0,2,0,.500,1.000
682663,681190,6,1,0,1,2,0,.167,.500
682663,665152,3,0,0,0,1,0,.000,.000
682663,669302,1,0,0,0,0,0,.000,.000
682663,554430,3,0,0,0,3,1,.000,.250
640459,607536,2,0,0,0,1,0,.000,.000
640459,640455,2,1,0,1,0,0,.500,1.500
640459,669022,2,0,0,0,0,0,.000,.000
640459,554430,1,0,0,0,0,1,.000,.500
691277,640455,2,0,0,0,0,0,.000,.000
691277,647336,2,0,0,0,1,0,.000,.000
665923,663567,2,0,0,0,0,0,.000,.000
665923,640455,3,1,0,0,1,0,.333,1.333
665923,607259,1,0,0,0,0,0,.000,.000
665923,579328,3,0,0,0,1,0,.000,.000
665923,453286,2,0,0,0,2,0,.000,.000
665923,647336,3,2,0,1,0,0,.667,1.334
665923,607536,5,1,0,0,3,0,.200,.600
665923,669302,6,2,0,1,1,0,.333,.833
688363,669467,2,1,0,0,1,0,.500,1.000
688363,647336,2,0,0,0,1,0,.000,.000
688363,694819,1,0,0,0,1,1,.000,.500
665052,669467,3,1,0,0,0,0,.333,.666
688363,681190,2,0,0,0,0,0,.000,.000
665052,647336,2,1,1,1,0,0,.500,2.500
665052,687792,2,0,0,0,0,0,.000,.000
665052,663567,2,0,0,0,0,1,.000,.333
665052,607536,3,1,0,1,1,0,.333,.666
665052,686751,2,1,0,1,0,0,.500,1.000
665052,681190,1,0,0,0,0,0,.000,.000
665052,669022,3,1,0,1,1,2,.333,.933
665052,554430,9,2,2,2,5,0,.222,1.111
681715,640455,3,1,0,0,0,1,.333,.833
681715,663567,3,2,0,0,1,0,.667,1.667
681715,647336,2,0,0,0,0,0,.000,.000
681715,607259,2,1,0,0,0,0,.500,1.000
681715,669467,8,3,0,2,1,1,.375,.819
681715,686751,1,0,0,0,0,0,.000,.000
681715,800048,2,1,1,1,0,1,.500,2.667
681715,681190,4,2,0,0,0,0,.500,1.000
681715,554430,7,1,1,1,5,0,.143,.714
681715,607536,10,5,0,1,1,0,.500,1.100
805300,669467,6,2,0,0,2,0,.333,.833
681715,669022,3,1,0,1,0,1,.333,.733
681715,682227,3,0,0,0,1,0,.000,.000
805300,607259,2,2,0,0,0,0,1.000,3.000
805300,647336,2,0,0,0,1,0,.000,.000
805300,702275,1,0,0,0,0,0,.000,.500
805300,800048,1,0,0,0,0,1,.000,.500
805300,694819,2,0,0,0,2,1,.000,.333
805300,554430,7,1,0,1,4,2,.143,.619
805300,607536,6,2,0,2,1,0,.333,1.000
805300,640455,4,1,0,0,1,0,.250,.500
805300,682227,3,0,0,0,1,0,.000,.000
805300,681190,2,2,0,0,0,0,1.000,2.000
805300,669022,3,1,0,0,0,0,.333,.666
691858,640455,2,1,0,1,1,0,.500,1.500
691594,663567,3,1,0,1,0,0,.333,1.000
691594,669467,6,2,0,1,0,0,.333,.666
691594,669358,3,0,0,0,0,0,.000,.000
691594,607259,2,0,0,0,0,0,.000,.000
691594,702275,2,0,0,0,1,0,.000,.000
691594,647336,2,1,0,0,0,0,.500,1.000
691594,800048,3,0,0,0,0,0,.000,.000
691594,687792,2,2,0,0,0,0,1.000,2.000
691594,640455,4,1,0,0,0,0,.250,.750
691594,665152,2,0,0,0,1,0,.000,.000
691594,579328,2,0,0,0,1,0,.000,.000
691594,607536,8,5,0,4,0,1,.625,1.667
691594,669022,10,2,0,1,3,0,.200,.400
691594,686751,3,2,0,1,0,0,.667,1.667
691594,669302,1,0,0,0,0,0,.000,.000
691594,681190,2,0,0,0,0,0,.000,.000
691788,663567,3,1,0,1,0,0,.333,.666
691594,682227,2,0,0,0,0,0,.000,.000
691594,554430,7,0,0,0,2,1,.000,.125
691788,800048,1,0,0,0,0,0,.000,.000
691788,554430,2,1,0,0,0,1,.500,1.667
691788,607259,2,0,0,0,2,0,.000,.000
691788,669467,3,1,0,0,0,0,.333,.666
691788,702275,2,1,0,3,0,0,.500,1.000
691788,640455,2,1,0,0,0,0,.500,1.000
669065,669358,2,0,0,0,1,0,.000,.333
691788,681190,1,0,0,0,0,0,.000,.000
669065,663567,3,0,0,0,1,0,.000,.000
669065,607259,8,1,0,2,6,1,.125,.325
669065,669467,3,2,0,2,0,0,.667,1.334
669065,647336,2,0,0,0,1,0,.000,.000
669065,665152,2,1,0,0,0,1,.500,1.167
669065,800048,2,0,0,0,0,0,.000,.000
669065,694819,2,1,0,0,1,0,.500,1.667
669065,640455,1,0,0,0,1,0,.000,.000
669065,702275,2,1,0,0,0,0,.500,1.000
669065,669302,1,0,0,0,0,0,.000,.000
669065,579328,3,2,0,0,0,0,.667,1.334
669065,669022,5,1,0,0,2,0,.200,.400
669065,607536,2,0,0,0,2,0,.000,.000
669065,554430,13,1,0,0,9,0,.077,.154
669065,681190,6,2,1,1,1,1,.333,1.262
672640,663567,3,1,0,0,0,0,.333,.666
672640,669358,3,1,1,3,0,0,.333,1.666
672640,647336,1,0,0,0,0,1,.000,.500
672640,800048,3,0,0,0,1,0,.000,.000
672640,607259,10,4,0,0,0,0,.400,.900
672640,687792,2,1,1,1,0,0,.500,2.500
672640,640455,12,4,0,1,2,0,.333,.750
672640,669467,6,1,0,0,0,0,.167,.667
672640,702275,3,0,0,0,1,0,.000,.000
672640,676083,2,0,0,0,2,0,.000,.000
672640,686751,2,1,0,1,0,0,.500,1.000
672640,694819,3,1,0,0,0,0,.333,.666
672640,554430,18,7,0,2,2,2,.389,1.061
672640,669302,3,0,0,0,0,0,.000,.000
672640,665152,3,1,0,0,0,0,.333,.666
669364,663567,3,0,0,0,1,0,.000,.000
672640,681190,5,2,0,1,0,2,.400,.900
669364,647336,2,2,0,0,0,0,1.000,2.000
672640,607536,11,2,0,1,1,2,.182,.468
672640,669022,12,1,0,0,2,1,.083,.237
672640,682227,3,2,0,0,0,0,.667,1.334
672640,579328,2,0,0,0,0,1,.000,.333
669364,669467,10,3,0,1,2,0,.300,.700
669364,694819,2,1,0,0,1,1,.500,1.167
669364,607259,14,3,0,2,1,0,.214,.500
669364,665152,3,0,0,0,1,0,.000,.000
669364,607536,4,2,0,1,1,0,.500,1.000
669364,687792,3,1,0,0,1,0,.333,.666
669364,800048,3,0,0,0,0,0,.000,.000
669364,669302,1,0,0,0,0,0,.000,.000
669364,686751,1,1,0,3,0,1,1.000,1.667
669364,702275,3,1,0,1,0,0,.333,.666
669364,640455,7,2,0,1,1,1,.286,.804
669364,554430,15,3,0,2,3,2,.200,.561
669364,681190,5,2,0,0,1,0,.400,.800
669364,682227,2,0,0,0,0,0,.000,.000
669364,676083,1,1,0,0,0,0,1.000,2.000
680728,663567,1,0,0,0,1,0,.000,.000
680728,693313,1,0,0,0,1,0,.000,.000
669364,669022,14,2,0,0,6,2,.143,.393
680728,669467,8,5,0,1,0,0,.625,1.375
680728,453286,2,0,0,0,0,0,.000,.000
680728,554430,3,2,0,1,1,0,.667,1.334
680728,665152,2,0,0,0,1,0,.000,.000
682998,663567,10,3,0,1,1,1,.300,.964
682998,453286,4,1,1,2,0,2,.250,1.500
682998,800048,5,2,0,0,2,1,.400,.900
682998,607259,7,3,0,1,1,0,.429,1.143
682998,693313,2,0,0,0,0,1,.000,.333
682998,663738,1,0,0,0,0,0,.000,.000
682998,647336,5,2,1,1,1,2,.400,1.771
682998,669467,11,5,0,2,2,2,.455,1.174
682998,694819,2,0,0,0,2,0,.000,.000
682998,681190,15,5,0,1,0,0,.333,.846
682998,640455,10,2,1,2,4,1,.200,.973
682998,669302,5,0,0,0,1,0,.000,.000
682998,669022,7,1,0,0,1,0,.143,.286
682998,676083,5,1,0,0,2,0,.200,.400
682998,665152,9,4,1,1,2,0,.444,1.333
672515,669358,3,1,0,0,1,0,.333,.666
672515,663567,8,2,0,1,0,0,.250,.500
682998,682227,5,1,0,0,0,0,.200,.400
682998,683003,3,1,0,0,0,0,.333,1.000
682998,641743,3,2,0,1,0,0,.667,1.334
682998,607536,14,6,1,3,0,3,.429,1.214
682998,554430,11,1,0,0,4,1,.091,.258
682998,579328,8,1,0,0,2,0,.125,.250
672515,800048,2,0,0,0,1,0,.000,.000
672515,693313,1,1,0,0,0,1,1.000,2.000
672515,607259,4,3,1,4,0,0,.750,2.250
672515,669467,3,0,0,1,1,1,.000,.250
672515,647336,2,0,0,0,0,0,.000,.000
672515,694819,2,1,1,3,1,0,.500,2.500
672515,640455,5,1,0,0,2,0,.200,.600
672515,579328,2,0,0,0,1,1,.000,.333
672515,607536,14,4,0,5,3,0,.286,.624
672515,669302,3,1,0,0,1,0,.333,.666
672515,681190,9,2,1,2,2,2,.222,1.031
672515,669022,8,1,0,0,3,0,.125,.250
672515,683003,2,1,1,2,1,1,.500,2.667
672515,676083,1,1,1,1,0,1,1.000,5.000
672515,682227,2,2,0,0,0,0,1.000,2.000
672695,800048,6,2,0,0,0,0,.333,.666
672515,554430,3,0,0,0,0,0,.000,.000
672695,693313,4,3,1,2,0,0,.750,2.250
672695,663738,4,1,0,0,1,0,.250,.750
672695,453286,5,3,0,1,1,1,.600,1.267
672695,663567,5,1,0,0,1,2,.200,.700
672695,607259,13,3,1,1,3,1,.231,.824
672695,647336,6,2,0,1,1,0,.333,.833
672695,694819,3,0,0,0,3,0,.000,.000
672695,669467,11,2,0,2,0,2,.182,.672
672695,681190,10,4,0,2,1,2,.400,.962
672695,579328,5,0,0,0,0,2,.000,.286
672695,683003,3,0,0,0,1,0,.000,.000
672695,669302,4,1,0,0,2,0,.250,.750
672695,641743,2,2,0,0,0,1,1.000,3.000
672695,640455,10,1,0,0,2,3,.100,.408
672695,676083,3,2,0,0,0,1,.667,1.417
672695,607536,8,4,0,1,1,1,.500,1.056
672695,669022,5,0,0,0,2,1,.000,.167
545121,663567,3,1,0,0,0,0,.333,.666
672695,554430,11,2,0,2,4,0,.182,.455
672695,665152,6,2,0,0,0,0,.333,.666
545121,663738,5,1,0,1,0,2,.200,.829
545121,579328,2,1,0,0,1,0,.500,1.500
545121,669467,2,0,0,0,0,0,.000,.000
545121,647336,3,0,0,0,0,0,.000,.000
545121,607259,3,1,0,0,1,0,.333,.666
545121,800048,5,0,0,0,2,0,.000,.000
545121,453286,8,1,0,0,0,0,.125,.250
545121,669022,6,3,1,2,0,0,.500,1.667
545121,640455,14,3,0,2,1,0,.214,.571
545121,607536,8,4,0,1,0,0,.500,1.125
545121,665152,6,3,0,0,0,0,.500,1.000
545121,554430,11,3,0,0,0,2,.273,.749
545121,641743,2,2,2,5,0,0,1.000,5.000
545121,669302,3,1,0,1,0,0,.333,1.000
545121,683003,1,0,0,0,0,1,.000,.500
543510,663738,5,0,0,0,3,0,.000,.000
545121,682227,1,0,0,0,0,0,.000,.000
543510,607259,4,0,0,0,1,0,.000,.000
543510,693313,1,1,1,1,0,0,1.000,5.000
543510,663567,2,0,0,1,1,0,.000,.000
543510,647336,1,0,0,1,0,0,.000,.000
543510,669467,1,1,0,0,0,0,1.000,2.000
543510,453286,9,1,0,0,3,0,.111,.222
543510,800048,4,2,0,0,1,0,.500,1.250
543510,640455,6,1,0,1,1,0,.167,.334
543510,579328,13,3,0,0,3,0,.231,.539
543510,641743,2,0,0,0,0,0,.000,.000
543510,669022,2,1,0,0,0,0,.500,1.000
543510,681190,3,0,0,0,0,1,.000,.250
543510,607536,4,1,0,1,1,1,.250,.650
543510,554430,19,4,0,1,4,0,.211,.422
691783,663738,2,1,0,0,0,0,.500,1.000
691783,663567,2,0,0,0,1,0,.000,.333
691783,607536,2,0,0,0,1,0,.000,.000
691783,681190,3,1,0,0,0,0,.333,1.000
691783,669022,2,1,0,0,0,0,.500,1.500
699912,453286,2,1,0,0,0,0,.500,1.000
691783,676083,1,1,0,0,0,0,1.000,2.000
699912,640455,2,1,0,0,0,0,.500,1.000
699912,665152,2,0,0,0,1,0,.000,.000
699912,641743,1,0,0,0,0,1,.000,.500
699912,607536,4,1,0,1,1,0,.250,.750
699912,669022,3,0,0,0,1,0,.000,.000
606466,663738,3,1,0,1,0,0,.333,.666
606466,453286,12,1,0,0,1,0,.083,.333
606466,663567,9,2,0,1,2,1,.222,.522
606466,693313,3,0,0,0,0,0,.000,.000
606466,669467,9,2,0,1,3,0,.222,.444
606466,607259,15,3,0,0,1,0,.200,.533
606466,647336,10,1,1,2,2,0,.100,.500
606466,800048,4,2,0,0,1,1,.500,1.350
606466,694819,3,1,0,0,0,0,.333,.666
606466,641743,3,1,0,0,1,0,.333,1.000
606466,640455,30,8,1,2,6,2,.267,.746
606466,681190,13,3,0,0,2,0,.231,.594
606466,669022,16,2,0,2,3,0,.125,.313
606466,607536,53,18,3,6,8,6,.340,1.059
606466,554430,13,4,1,2,2,2,.308,1.015
606466,579328,14,3,1,4,5,1,.214,.696
606466,683003,3,1,0,0,0,0,.333,.666
606466,665152,5,2,2,3,3,0,.400,1.933
606466,669302,6,3,0,0,2,0,.500,1.000
606466,682227,5,2,0,1,0,1,.400,.900
663457,669358,2,0,0,0,0,0,.000,.000
606466,676083,4,1,0,0,1,1,.250,.900
663457,607259,5,1,0,0,0,0,.200,.600
663457,693313,5,0,0,0,3,0,.000,.000
663457,663738,4,1,0,0,0,0,.250,.500
663457,579328,3,1,0,0,0,0,.333,.666
663457,665152,4,1,0,0,1,2,.250,1.000
663457,647336,4,0,0,0,1,0,.000,.000
663457,607536,6,3,1,3,1,0,.500,1.929
663457,681190,6,1,0,0,0,1,.167,.453
663457,640455,3,0,0,0,0,0,.000,.000
663457,687792,1,0,0,0,1,1,.000,.500
663457,694819,8,3,0,2,2,1,.375,1.125
663457,702275,1,0,0,0,0,0,.000,.000
663457,453286,6,2,0,2,2,0,.333,1.000
663457,676083,2,0,0,0,1,0,.000,.000
663457,669022,4,2,1,1,0,1,.500,1.850
571448,669358,3,3,0,1,0,0,1.000,2.000
663457,554430,3,0,0,0,0,0,.000,.000
663457,682227,2,0,0,0,0,0,.000,.000
663457,641743,1,0,0,0,0,0,.000,.000
663457,669302,6,1,0,0,2,0,.167,.500
571448,663567,3,1,1,2,1,0,.333,1.666
571448,693313,2,0,0,0,0,0,.000,.000
571448,800048,2,0,0,0,0,0,.000,.000
571448,647336,3,1,0,0,1,1,.333,.833
571448,579328,5,1,0,0,0,1,.200,.533
571448,694819,4,0,0,0,1,0,.000,.000
571448,669467,5,1,0,1,1,0,.200,.400
571448,663738,5,2,2,3,1,0,.400,2.000
571448,687792,4,0,0,0,1,0,.000,.000
571448,607259,14,3,0,3,1,0,.214,.571
571448,640455,15,4,1,1,4,0,.267,.800
571448,665152,6,3,1,3,1,1,.500,1.571
571448,453286,18,3,0,0,5,1,.167,.378
571448,681190,6,0,0,0,0,1,.000,.143
571448,607536,12,7,0,1,1,5,.583,1.539
571448,682227,4,1,1,1,1,0,.250,1.250
656976,669467,5,1,1,4,0,0,.200,1.000
571448,669022,16,4,1,5,1,2,.250,.816
571448,641743,2,1,0,0,0,1,.500,1.167
656976,607259,5,1,0,0,0,3,.200,.700
571448,683003,5,0,0,0,1,0,.000,.000
571448,669302,3,0,0,0,0,0,.000,.000
571448,554430,20,7,0,2,3,2,.350,.809
656976,693313,2,1,0,0,1,0,.500,1.000
571448,676083,2,1,0,0,0,0,.500,1.000
656976,647336,4,0,0,0,2,1,.000,.200
656976,694819,2,1,0,0,0,0,.500,1.500
656976,665152,3,2,1,2,1,0,.667,2.334
656976,640455,3,0,0,0,2,0,.000,.000
656976,607536,5,1,0,0,1,0,.200,.400
656976,453286,2,0,0,0,1,0,.000,.000
656976,554430,9,1,1,1,1,0,.111,.555
656976,669022,3,0,0,1,0,0,.000,.000
656976,681190,3,0,0,0,0,0,.000,.000
656976,676083,1,0,0,0,1,0,.000,.000
814439,669467,2,1,0,0,0,0,.500,1.000
814439,800048,2,1,0,0,0,0,.500,1.000
814439,607536,2,1,0,2,0,0,.500,1.000
814439,681190,2,0,0,0,1,0,.000,.000
814439,640455,1,0,0,0,1,0,.000,.000
814439,669022,4,1,0,0,1,1,.250,.900
694374,669467,2,1,0,0,1,0,.500,1.500
694374,693313,1,1,0,1,0,0,1.000,2.000
694374,663738,3,0,0,0,0,0,.000,.000
694374,663567,2,1,0,0,1,0,.500,1.000
694374,640455,1,0,0,0,0,1,.000,.500
694374,665152,2,0,0,0,0,0,.000,.000
694374,681190,3,1,0,0,0,0,.333,.666
694374,800048,2,0,0,0,1,0,.000,.000
694374,607536,1,1,0,1,0,1,1.000,3.000
608324,669358,12,6,1,3,0,0,.500,1.417
608324,663738,1,1,0,0,0,1,1.000,2.000
608324,693313,1,0,0,0,0,0,.000,.000
608324,640455,41,10,3,4,5,6,.244,.817
608324,663567,5,3,1,1,1,2,.600,1.950
608324,694819,12,3,1,4,2,0,.250,.750
694374,683003,2,0,0,0,1,0,.000,.000
608324,607259,14,5,0,1,1,0,.357,.786
608324,689981,2,0,0,0,1,1,.000,.333
608324,800048,6,1,0,0,1,0,.167,.500
608324,453286,10,2,0,0,2,0,.200,.400
608324,607536,6,1,0,0,1,0,.167,.500
608324,669467,9,3,0,0,0,3,.333,.982
608324,641743,1,0,0,0,1,0,.000,.000
608324,579328,22,8,2,6,2,9,.364,1.321
608324,686751,2,0,0,0,1,0,.000,.000
608324,665152,17,2,0,0,2,0,.118,.236
608324,702275,5,4,1,4,1,0,.800,2.800
608324,681190,2,0,0,0,0,1,.000,.333
608324,554430,9,2,0,0,3,0,.222,.444
608324,683003,1,0,0,0,0,1,.000,.500
608348,663567,2,1,0,0,1,2,.500,1.250
608324,676083,4,1,0,0,0,0,.250,.500
608348,669358,2,1,0,0,1,0,.500,1.000
608324,669302,29,11,4,7,3,3,.379,1.335
608324,669022,4,0,0,0,1,1,.000,.200
608348,669467,11,6,0,1,0,0,.545,1.090
608348,693313,3,1,0,1,0,0,.333,.666
608348,647336,7,0,0,0,1,0,.000,.000
608348,694819,6,0,0,0,3,0,.000,.000
608348,640455,23,4,1,3,4,2,.174,.631
608348,665152,2,1,1,1,1,0,.500,2.500
608348,453286,10,1,1,1,3,2,.100,.650
608348,663738,1,1,0,0,0,0,1.000,2.000
608348,607259,6,1,1,1,0,0,.167,.834
608348,800048,2,0,0,0,1,0,.000,.000
608348,579328,8,0,0,0,1,1,.000,.111
608348,607536,15,5,2,2,3,3,.333,1.244
608348,676083,4,1,0,0,3,0,.250,.500
608348,702275,4,2,0,0,0,0,.500,1.000
608348,554430,4,0,0,0,1,0,.000,.000
621020,663567,1,1,0,0,0,0,1.000,2.000
608348,669022,4,2,0,0,1,0,.500,1.000
621020,607259,16,5,1,3,1,0,.313,1.063
621020,669467,18,2,0,0,5,1,.111,.269
608348,682227,2,0,0,0,1,0,.000,.000
608348,683003,2,0,0,0,0,0,.000,.000
608348,669302,2,2,0,0,0,0,1.000,2.000
621020,693313,2,0,0,0,0,0,.000,.000
621020,669358,4,2,0,1,0,0,.500,1.350
621020,640455,14,1,0,2,5,1,.071,.196
621020,687792,2,0,0,0,1,0,.000,.000
621020,694819,5,1,0,0,1,2,.200,.629
621020,579328,2,0,0,1,1,0,.000,.000
621020,702275,1,0,0,0,0,1,.000,.500
621020,453286,52,10,2,10,20,2,.192,.603
621020,669022,11,2,1,2,3,0,.182,.727
621020,800048,2,0,0,0,1,0,.000,.000
621020,686751,1,0,0,0,1,1,.000,.500
621020,681190,7,2,0,0,4,2,.286,.730
621020,665152,6,1,0,1,2,0,.167,.334
621020,607536,24,11,1,6,3,2,.458,1.208
621020,554430,43,6,0,1,14,2,.140,.341
621020,682227,5,3,1,3,2,0,.600,2.200
621020,683003,7,3,2,3,1,0,.429,1.715
672356,669358,4,1,0,0,2,0,.250,.500
672356,663567,1,0,0,0,0,0,.000,.000
621020,676083,3,0,0,0,2,0,.000,.000
672356,453286,4,1,0,2,1,0,.250,.750
672356,647336,6,1,0,0,2,0,.167,.334
672356,663738,2,1,0,0,1,1,.500,1.667
672356,607259,3,1,0,0,1,0,.333,.666
672356,640455,8,1,1,3,4,0,.125,.625
672356,579328,3,0,0,0,2,0,.000,.000
672356,683003,2,0,0,0,1,0,.000,.000
672356,607536,1,0,0,0,0,0,.000,.000
672356,665152,3,1,1,1,0,1,.333,1.833
672356,676083,2,1,0,0,1,0,.500,1.500
672356,669022,3,1,0,0,1,0,.333,.666
672356,641743,3,0,0,0,3,1,.000,.250
672356,669302,5,1,0,0,1,0,.200,.400
672356,554430,3,0,0,0,1,0,.000,.000
664023,663567,1,0,0,0,1,0,.000,.000
664023,607259,16,4,0,0,2,0,.250,.500
664023,647336,1,0,0,0,0,0,.000,.000
664023,640455,9,2,1,2,1,1,.222,.920
664023,800048,2,0,0,0,2,0,.000,.000
664023,669358,5,1,0,1,1,0,.200,.400
664023,687792,3,0,0,1,2,0,.000,.000
664023,669467,21,7,1,5,2,4,.333,1.059
664023,702275,3,1,0,0,1,1,.333,1.167
664023,579328,3,0,0,0,1,0,.000,.000
664023,607536,17,5,1,2,2,0,.294,.765
664023,453286,14,2,0,1,7,0,.143,.414
664023,665152,5,3,1,3,1,2,.600,1.914
664023,694819,13,2,0,1,8,1,.154,.368
664023,554430,12,4,1,4,6,2,.333,1.096
664023,663738,1,0,0,0,1,0,.000,.000
807713,669358,1,0,0,0,1,0,.000,.000
664023,669022,9,3,1,3,4,2,.333,1.122
807713,693313,1,0,0,0,0,0,.000,.000
664023,681190,11,4,0,0,2,0,.364,.728
664023,683003,14,5,1,3,5,0,.357,1.143
664023,686751,1,1,0,0,0,0,1.000,3.000
807713,669467,2,1,0,0,0,1,.500,1.167
664023,682227,4,1,0,1,1,1,.250,.900
664023,669302,6,1,0,0,0,0,.167,.334
807713,453286,3,1,0,0,1,0,.333,1.000
664023,676083,5,1,0,0,2,0,.200,.400
807713,607259,3,0,0,0,0,0,.000,.000
807713,800048,1,1,1,1,0,1,1.000,5.000
807713,579328,3,1,0,1,0,0,.333,.666
807713,694819,5,1,0,0,2,3,.200,1.100
807713,686751,2,1,0,0,0,1,.500,1.167
807713,640455,5,2,0,1,1,1,.400,1.100
807713,669302,2,1,0,0,0,0,.500,1.000
683737,647336,1,0,0,0,0,0,.000,.000
807713,669022,2,0,0,0,0,0,.000,.000
807713,554430,2,1,0,0,0,0,.500,1.000
807713,681190,2,0,0,0,0,0,.000,.000
683737,663738,1,0,0,0,0,0,.000,.000
683737,694819,13,3,0,4,4,2,.231,.641
683737,669358,3,1,0,1,0,2,.333,.933
683737,453286,3,1,1,1,1,0,.333,1.666
683737,607259,9,1,1,2,4,1,.111,.644
683737,800048,1,0,0,0,0,1,.000,.500
683737,669467,12,8,2,5,0,0,.667,1.917
683737,693313,2,0,0,0,1,1,.000,.333
683737,687792,1,0,0,0,0,1,.000,.500
683737,663567,3,2,0,0,0,1,.667,1.417
683737,669022,4,0,0,0,2,1,.000,.333
683737,579328,2,1,0,0,1,1,.500,1.167
683737,640455,7,2,1,2,2,0,.286,1.000
683737,702275,4,0,0,0,3,1,.000,.200
683737,554430,5,1,0,0,1,0,.200,.400
683737,681190,9,1,0,0,2,1,.111,.311
683737,665152,6,3,1,1,0,0,.500,1.500
683737,669302,2,0,0,0,2,0,.000,.000
624424,663738,1,0,0,0,0,0,.000,.000
624424,663567,6,2,1,1,3,1,.333,1.262
624424,669358,6,2,0,0,2,0,.333,.833
683737,676083,5,1,0,0,1,0,.200,.400
683737,683003,12,2,0,0,5,0,.167,.500
624424,693313,2,1,0,0,0,0,.500,1.000
624424,694819,3,0,0,0,2,0,.000,.000
624424,669467,11,0,0,0,3,0,.000,.000
624424,647336,19,4,0,1,2,1,.211,.497
624424,607259,5,1,0,0,2,0,.200,.400
624424,453286,42,12,4,6,17,5,.286,.970
624424,640455,7,2,0,1,3,0,.286,.715
624424,687792,1,1,0,0,0,1,1.000,2.000
624424,607536,8,2,0,0,3,0,.250,.500
624424,665152,6,4,2,2,1,0,.667,2.334
624424,689981,2,0,0,0,0,0,.000,.000
624424,676083,3,0,0,0,0,1,.000,.250
624424,683003,2,0,0,0,0,0,.000,.000
624424,579328,5,0,0,0,3,0,.000,.000
624424,681190,8,2,1,1,1,0,.250,.875
624424,669302,6,0,0,0,0,0,.000,.000
624424,702275,2,0,0,0,2,0,.000,.000
624424,682227,3,0,0,0,1,0,.000,.000
624424,669022,5,2,1,3,1,1,.400,1.700
624424,554430,25,6,0,4,8,4,.240,.665
665804,693313,2,1,0,1,0,0,.500,1.500
665804,669358,1,1,0,0,0,1,1.000,3.000
665804,669467,1,0,0,0,0,0,.000,.000
665804,640455,4,0,0,1,2,0,.000,.000
665804,579328,1,0,0,0,0,1,.000,.500
665804,665152,2,0,0,0,2,0,.000,.000
665804,607536,2,0,0,0,0,0,.000,.000
665804,607259,5,2,0,1,1,0,.400,.933
665804,686751,1,0,0,0,1,0,.000,.500
665804,694819,6,0,0,0,4,0,.000,.000
665804,669022,5,0,0,0,2,0,.000,.000
663538,663567,5,2,0,1,1,0,.400,.800
665804,683003,9,2,0,1,1,0,.222,.444
663538,669358,4,1,0,0,1,1,.250,.650
663538,669467,14,6,1,2,1,2,.429,1.214
665804,554430,2,0,0,0,1,0,.000,.000
665804,676083,2,0,0,0,1,0,.000,.000
665804,681190,6,1,0,0,1,0,.167,.334
663538,663738,1,0,0,0,0,0,.000,.000
663538,687792,2,1,0,0,1,0,.500,1.000
663538,579328,3,2,0,1,0,0,.667,2.000
663538,607259,13,5,0,0,1,0,.385,.847
663538,640455,12,4,0,1,0,0,.333,1.000
663538,800048,2,0,0,0,0,1,.000,.333
663538,554430,13,3,1,2,1,0,.231,.693
663538,453286,8,2,0,1,2,0,.250,.500
663538,676083,6,1,0,0,0,0,.167,.334
663538,607536,6,1,0,0,0,2,.167,.611
663538,694819,13,2,0,0,2,1,.154,.368
663538,665152,6,0,0,0,0,1,.000,.250
663538,669022,13,1,0,0,2,0,.077,.220
663538,682227,6,2,0,1,1,0,.333,.666
663538,702275,4,0,0,0,0,0,.000,.000
699393,663567,1,1,0,1,0,1,1.000,3.000
663538,681190,8,2,0,1,0,2,.250,.650
663538,669302,5,2,0,0,1,0,.400,.800
699393,663738,1,1,0,0,0,0,1.000,2.000
663538,683003,10,3,0,1,0,0,.300,.800
699393,693313,2,2,0,0,0,0,1.000,2.000
699393,640455,2,1,0,1,0,0,.500,1.000
699393,694819,1,0,0,0,1,0,.000,.000
691718,669358,5,2,0,1,3,0,.400,.800
699393,676083,4,0,0,1,2,0,.000,.000
691718,693313,1,0,0,0,0,0,.000,.000
691718,663738,2,1,0,2,1,0,.500,1.000
699393,683003,2,0,0,0,0,0,.000,.000
699393,702275,2,0,0,0,1,0,.000,.000
691718,669467,13,3,0,0,4,0,.231,.693
691718,687792,1,0,0,1,0,0,.000,.000
691718,663567,1,0,0,1,0,1,.000,.333
691718,607259,8,4,0,1,1,0,.500,1.000
691718,800048,2,1,0,0,0,0,.500,1.000
691718,579328,3,1,0,1,1,0,.333,.666
691718,607536,3,1,1,1,1,0,.333,1.666
691718,665152,3,2,2,2,1,0,.667,3.334
691718,640455,4,1,0,1,3,1,.250,.650
691718,702275,3,2,1,2,0,2,.667,3.133
691718,694819,13,1,0,0,9,2,.077,.277
691718,554430,6,2,0,2,1,0,.333,1.000
691718,669022,5,0,0,0,3,0,.000,.000
691718,669302,3,1,0,0,1,0,.333,.666
691718,686751,2,1,0,1,0,0,.500,1.000
691718,676083,4,0,0,0,0,2,.000,.333
673548,647336,1,0,0,0,1,0,.000,.000
673548,669467,14,6,0,0,2,3,.429,1.100
673548,693313,1,1,1,1,0,1,1.000,5.000
691718,681190,7,2,0,0,1,0,.286,.715
691718,683003,8,2,1,1,3,1,.250,1.150
673548,640455,6,2,0,0,1,0,.333,.833
673548,687792,2,0,0,0,0,0,.000,.000
673548,663567,3,0,0,0,1,1,.000,.250
673548,453286,3,2,0,0,1,0,.667,1.334
673548,663738,1,0,0,0,0,0,.000,.000
673548,681190,5,2,1,1,1,1,.400,1.500
673548,669358,3,0,0,0,0,0,.000,.000
673548,607536,11,4,1,4,0,1,.364,1.235
673548,694819,12,4,1,1,3,3,.333,1.134
673548,607259,10,1,0,0,3,1,.100,.282
673548,669022,10,4,0,2,1,1,.400,.955
673548,669302,3,2,2,3,0,0,.667,3.334
673548,686751,2,1,0,1,0,1,.500,1.167
673548,702275,4,0,0,0,1,0,.000,.200
673548,665152,8,1,0,1,2,0,.125,.250
673548,554430,9,1,0,0,4,0,.111,.222
673548,676083,4,0,0,0,1,0,.000,.000
673548,683003,9,2,1,2,2,2,.222,.920
673548,682227,4,0,0,0,1,1,.000,.200
621438,669358,5,0,0,0,2,0,.000,.000
621438,607259,6,2,0,3,2,0,.333,1.000
621438,647336,1,0,0,0,1,1,.000,.500
621438,687792,4,1,0,1,2,0,.250,.750
621438,694819,6,1,0,1,1,0,.167,.334
621438,453286,1,1,0,0,0,1,1.000,3.000
621438,669467,12,6,0,3,1,0,.500,1.083
621438,579328,4,1,0,1,1,0,.250,.500
621438,640455,6,2,0,0,1,0,.333,.833
621438,663567,4,2,0,1,2,0,.500,1.000
621438,669022,12,2,1,1,5,1,.167,.731
621438,686751,1,0,0,0,1,1,.000,.500
621438,665152,2,0,0,0,1,0,.000,.000
621438,607536,13,1,0,0,5,0,.077,.231
621438,554430,11,2,0,1,5,0,.182,.364
691182,669467,5,2,0,1,1,0,.400,.800
691182,663738,1,0,0,0,0,0,.000,.000
621438,669302,2,0,0,0,0,0,.000,.000
691182,681190,4,1,0,0,0,0,.250,.750
691182,683003,2,0,0,0,1,0,.000,.000
690924,663738,1,0,0,0,0,0,.000,.000
664954,607259,2,0,0,0,1,0,.000,.000
664954,693313,1,0,0,0,1,0,.000,.000
664954,453286,2,0,0,0,1,0,.000,.000
664954,647336,2,0,0,0,1,0,.000,.000
664954,640455,2,1,0,0,0,0,.500,1.000
664954,683003,1,0,0,0,0,0,.000,.000
664954,676083,2,1,0,2,1,0,.500,.833
664954,682227,2,1,0,3,0,0,.500,1.500
664954,694819,3,1,0,0,1,0,.333,.666
664954,681190,1,0,0,0,0,0,.000,.000
694249,607259,3,0,0,0,1,0,.000,.000
694249,647336,4,0,0,0,1,0,.000,.200
694249,694819,2,1,1,1,1,0,.500,2.500
694249,693313,1,0,0,0,0,0,.000,.000
694249,669467,2,1,0,0,0,0,.500,2.000
681393,693313,1,1,0,0,0,0,1.000,3.000
681393,669358,3,1,0,0,0,0,.333,.666
694249,681190,2,1,1,3,1,0,.500,2.500
681393,687792,3,0,0,0,2,0,.000,.000
681393,669467,2,1,0,0,0,0,.500,1.000
681393,647336,1,0,0,1,0,1,.000,.333
681393,607259,7,1,0,1,1,0,.143,.268
681393,694819,2,0,0,0,2,0,.000,.000
681393,607536,10,3,0,0,0,0,.300,.764
681393,579328,4,2,0,0,0,1,.500,1.100
681393,702275,1,1,0,0,0,1,1.000,2.000
681393,669302,1,0,0,0,1,0,.000,.000
681393,640455,2,0,0,0,1,1,.000,.333
681393,665152,2,1,0,0,0,0,.500,1.000
681393,686751,2,1,1,2,0,0,.500,2.500
681393,681190,4,1,0,1,2,0,.250,.500
681393,554430,6,2,0,0,3,0,.333,.666
681393,669022,6,1,0,0,3,0,.167,.334
678662,693313,1,0,0,0,1,0,.000,.000
678662,607259,10,3,0,0,3,0,.300,.600
678662,663738,2,2,0,0,0,0,1.000,2.000
678662,669467,6,0,0,0,2,0,.000,.000
678662,687792,6,4,1,1,2,0,.667,2.000
678662,694819,3,0,0,0,1,0,.000,.000
681393,682227,3,0,0,0,0,0,.000,.000
678662,453286,6,0,0,0,3,0,.000,.000
678662,647336,4,2,0,1,1,0,.500,1.000
678662,640455,11,3,0,0,4,0,.273,.546
678662,681190,17,8,0,1,4,0,.471,1.147
678662,554430,5,1,0,1,2,0,.200,.400
678662,665152,4,0,0,0,0,1,.000,.200
678662,682227,2,1,1,1,1,1,.500,2.667
678662,669022,3,1,0,2,1,0,.333,1.000
696100,669467,3,2,0,1,0,1,.667,1.267
678662,579328,3,2,0,2,0,0,.667,1.667
678662,683003,6,0,0,0,1,0,.000,.000
696100,663738,2,0,0,0,1,0,.000,.000
696100,607259,1,1,0,1,0,0,1.000,3.000
696100,647336,13,1,0,0,7,2,.077,.277
696100,694819,4,0,0,0,3,1,.000,.200
696100,640455,9,3,1,2,3,0,.333,1.000
696100,453286,3,1,1,1,1,0,.333,1.666
696100,687792,2,1,1,2,1,0,.500,2.500
696100,554430,2,1,1,1,1,0,.500,2.667
696100,665152,3,2,0,1,0,0,.667,1.667
696100,681190,16,3,1,1,4,0,.188,.673
664983,663567,3,1,0,0,0,1,.333,.833
696100,683003,2,2,1,2,0,0,1.000,4.000
664983,647336,12,2,0,1,3,0,.167,.321
696100,669022,4,1,0,0,1,0,.250,.500
696100,676083,2,1,0,0,1,0,.500,1.500
696100,682227,1,0,0,0,0,1,.000,.500
664983,669467,4,1,0,0,1,1,.250,.650
664983,607259,6,2,0,0,1,0,.333,.666
664983,554430,8,1,0,0,3,0,.125,.250
664983,693313,2,0,0,0,1,0,.000,.000
664983,640455,10,2,0,0,3,0,.200,.500
664983,453286,6,1,0,0,2,0,.167,.334
664983,607536,2,2,0,0,0,0,1.000,2.000
664983,579328,6,2,0,0,2,0,.333,.833
664983,665152,5,1,1,2,0,0,.200,1.000
664983,669302,6,1,0,0,3,0,.167,.334
664983,676083,3,0,0,0,0,0,.000,.000
664983,683003,2,0,0,0,0,0,.000,.000
664983,694819,8,1,0,0,4,0,.125,.250
664983,682227,2,1,0,0,0,0,.500,1.500
664983,669022,7,7,0,0,0,0,1.000,2.286
664983,681190,7,2,0,0,2,1,.286,.661
687597,607259,2,1,0,0,0,0,.500,1.500
687597,669467,3,1,0,1,0,0,.333,1.000
687597,647336,1,0,0,0,0,1,.000,.500
687597,687792,1,0,0,0,0,1,.000,.500
687597,640455,1,0,0,0,1,0,.000,.000
687597,663738,1,1,1,1,0,0,1.000,5.000
687597,665152,5,2,0,1,0,0,.400,.800
687597,681190,13,2,0,0,1,0,.154,.308
687597,669022,2,0,0,0,2,0,.000,.000
687597,683003,2,0,0,0,1,0,.000,.000
687597,676083,1,0,0,0,1,0,.000,.000
687597,682227,2,0,0,0,1,0,.000,.000
691720,607259,3,2,0,0,0,0,.667,1.334
691720,647336,7,1,0,0,3,0,.143,.286
691720,694819,4,1,0,1,1,1,.250,.900
691720,453286,2,0,0,0,1,0,.000,.000
691720,640455,2,1,0,0,1,0,.500,1.000
691720,681190,9,1,0,0,2,0,.111,.222
666160,663567,1,1,0,0,0,0,1.000,2.000
691720,683003,1,0,0,0,1,0,.000,.000
691720,682227,2,0,0,0,2,0,.000,.000
691720,669022,1,0,0,0,1,0,.000,.000
666160,669467,6,1,0,1,1,0,.167,.334
666160,647336,9,1,1,1,4,2,.111,.717
666160,607259,8,2,0,2,2,1,.250,.583
666160,453286,6,0,0,0,4,0,.000,.000
666160,554430,4,1,0,0,0,0,.250,.500
666160,665152,9,3,2,2,1,1,.333,1.400
666160,669302,6,1,0,1,3,1,.167,.453
666160,669022,4,2,1,2,0,0,.500,1.750
666160,682227,1,0,0,0,1,0,.000,.000
666160,640455,5,1,0,0,2,0,.200,.400
681198,607259,2,0,0,0,0,0,.000,.000
681198,647336,11,1,0,0,1,0,.091,.273
666160,681190,16,4,0,0,3,0,.250,.500
681198,453286,2,2,0,0,0,0,1.000,2.000
666160,694819,2,0,0,0,2,0,.000,.000
666160,579328,3,1,1,1,1,0,.333,1.666
681198,669467,1,0,0,0,0,1,.000,.500
681198,694819,4,0,0,0,2,1,.000,.200
681198,640455,2,1,0,0,1,0,.500,1.167
681198,681190,8,0,0,0,1,0,.000,.000
681198,683003,2,0,0,0,1,0,.000,.000
687859,669467,3,2,0,1,0,2,.667,1.467
687859,640455,2,1,0,2,1,0,.500,1.000
681198,682227,2,1,0,0,0,0,.500,1.000
687859,453286,2,0,0,0,0,0,.000,.000
687859,647336,10,4,0,1,2,0,.400,1.000
687859,681190,7,1,0,1,2,0,.143,.429
687859,694819,5,1,0,0,0,0,.200,.400
691728,669467,2,0,0,0,1,0,.000,.000
691728,647336,2,0,0,0,1,0,.000,.000
691728,693313,1,0,0,0,0,0,.000,.000
691728,681190,1,1,0,1,0,0,1.000,2.000
694673,554430,2,0,0,0,1,1,.000,.333
694673,689981,2,0,0,0,0,0,.000,.000
694673,676083,4,0,0,0,1,0,.000,.000
665953,640455,7,2,1,1,3,2,.286,1.158
665953,607536,3,1,1,3,0,0,.333,1.666
665953,554430,3,0,0,0,0,0,.000,.000
665953,579328,3,0,0,0,2,0,.000,.000
665953,665152,2,0,0,0,0,1,.000,.333
665953,702275,1,0,0,1,0,0,.000,.500
665953,683003,3,0,0,0,2,0,.000,.000
665953,676083,3,0,0,0,0,0,.000,.250
691781,663738,1,1,0,0,0,0,1.000,2.000
691781,669467,6,2,0,0,0,0,.333,.833
691781,669358,2,0,0,1,1,0,.000,.000
691781,693313,1,0,0,0,0,0,.000,.000
691781,640455,7,4,2,7,1,1,.571,2.196
691781,694819,1,0,0,0,1,1,.000,.500
691781,579328,1,1,0,0,0,1,1.000,2.000
691781,689981,1,0,0,0,1,0,.000,.000
691781,676083,3,1,0,0,1,0,.333,1.000
691781,681190,1,1,0,2,0,0,1.000,3.000
682928,669358,3,1,0,0,0,0,.333,.666
682928,663567,3,0,0,0,2,2,.000,.400
682928,640455,17,5,0,2,4,0,.294,.686
682928,689981,1,0,0,0,0,0,.000,.000
682928,647336,3,1,1,1,0,0,.333,1.666
682928,607536,8,1,0,0,5,0,.125,.250
682928,665152,7,2,0,0,3,1,.286,.804
682928,663738,4,1,0,0,1,0,.250,.500
682928,694819,2,0,0,0,0,0,.000,.000
682928,607259,10,3,2,2,2,0,.300,1.300
682928,453286,8,2,0,1,1,2,.250,.830
682928,693313,1,0,0,0,0,0,.000,.000
682928,702275,4,1,1,1,1,1,.250,1.400
682928,669467,10,4,0,0,0,1,.400,.955
682928,579328,5,2,0,1,1,0,.400,1.000
682928,554430,30,9,0,2,9,0,.300,.923
682928,686751,1,1,0,0,0,0,1.000,2.000
695734,669467,3,0,0,1,1,0,.000,.000
682928,676083,10,4,0,2,1,0,.400,1.100
695734,607259,3,0,0,0,0,0,.000,.000
682928,669302,5,1,0,0,1,0,.200,.400
682928,682227,1,0,0,0,1,0,.000,.000
682928,683003,3,1,1,1,0,0,.333,1.666
682928,681190,3,0,0,0,0,0,.000,.000
695734,669358,3,3,1,2,0,0,1.000,3.333
695734,693313,2,2,0,1,0,0,1.000,2.000
695734,663738,3,1,0,0,0,0,.333,.666
695734,640455,8,1,0,0,3,0,.125,.250
695734,647336,3,0,0,0,2,0,.000,.000
695734,453286,2,0,0,0,1,0,.000,.000
695734,554430,5,3,1,1,0,0,.600,1.800
695734,686751,1,0,0,0,0,0,.000,.000
695734,689981,2,0,0,0,0,0,.000,.000
695734,694819,2,0,0,0,1,0,.000,.000
695734,676083,9,4,0,1,1,0,.444,1.067
695734,702275,4,3,0,0,0,2,.750,1.583
686611,693313,1,0,0,1,0,0,.000,.000
686611,640455,10,0,0,1,3,0,.000,.000
695734,681190,1,0,0,0,0,0,.000,.000
686611,453286,2,0,0,0,2,0,.000,.000
686611,607259,5,1,0,1,4,0,.200,.600
686611,689981,1,1,0,0,0,0,1.000,2.000
686611,669467,3,1,1,2,1,0,.333,1.666
686611,663738,2,0,0,0,1,1,.000,.333
686611,647336,3,0,0,0,0,0,.000,.000
686611,579328,2,0,0,0,0,0,.000,.000
686611,686751,2,0,0,0,0,0,.000,.000
686611,683003,3,0,0,0,1,0,.000,.000
686611,702275,2,0,0,0,0,0,.000,.000
686611,665152,3,1,1,1,1,0,.333,1.666
686611,676083,6,2,0,2,0,0,.333,1.000
686611,554430,11,2,0,0,3,1,.182,.432
686611,607536,3,1,0,0,0,1,.333,.833
695670,607536,3,0,0,0,2,0,.000,.000
695670,640455,2,0,0,0,1,1,.000,.333
695670,579328,1,0,0,0,0,1,.000,.500
695670,681190,1,0,0,0,0,0,.000,.000
696285,663567,1,1,0,0,0,0,1.000,2.000
696285,669358,3,0,0,0,0,0,.000,.000
695670,676083,1,0,0,0,0,1,.000,.500
696285,669467,8,2,0,2,2,0,.250,.500
696285,554430,8,2,0,0,1,1,.250,.708
696285,663738,2,0,0,0,0,0,.000,.000
696285,693313,2,0,0,0,2,0,.000,.000
696285,689981,1,1,0,0,0,0,1.000,3.000
696285,694819,2,0,0,0,1,0,.000,.000
696285,647336,2,0,0,0,1,0,.000,.000
696285,607259,2,0,0,0,0,0,.000,.000
696285,640455,11,4,0,0,5,1,.364,.872
696285,702275,3,0,0,0,1,0,.000,.000
696285,669302,2,0,0,0,0,0,.000,.000
696285,579328,4,1,0,0,2,0,.250,.750
696285,686751,1,0,0,0,0,0,.000,.000
696285,607536,5,3,1,1,0,1,.600,1.867
696285,676083,6,1,0,0,1,0,.167,.453
696285,683003,2,1,0,1,0,0,.500,1.000
695578,669358,4,1,0,0,1,0,.250,.500
696285,665152,5,1,0,0,0,0,.200,.600
696285,681190,1,0,0,0,0,0,.000,.000
695578,693313,1,1,0,1,0,1,1.000,3.000
695578,663567,2,0,0,0,1,0,.000,.000
695578,669467,8,2,0,0,3,1,.250,.583
695578,663738,6,3,0,0,0,0,.500,1.000
695578,640455,13,2,0,2,4,0,.154,.385
695578,689981,2,0,0,0,2,0,.000,.000
695578,453286,1,1,0,0,0,1,1.000,2.000
695578,607536,4,0,0,0,0,1,.000,.200
695578,647336,1,0,0,0,0,2,.000,.667
695578,665152,6,3,0,0,1,0,.500,1.333
695578,607259,4,1,0,1,0,1,.250,.833
695578,686751,1,1,0,0,0,0,1.000,2.000
695578,694819,2,0,0,0,0,0,.000,.000
695578,579328,2,1,0,1,0,1,.500,1.167
695578,681190,2,0,0,0,0,0,.000,.000
695578,683003,3,0,0,0,1,0,.000,.000
695578,702275,5,1,1,2,2,0,.200,.967
695578,676083,6,2,1,1,1,2,.333,1.500
678391,693313,1,1,0,1,0,0,1.000,2.000
695578,554430,15,1,1,3,7,3,.067,.489
678391,669358,1,0,0,0,0,2,.000,.667
678391,694819,2,0,0,0,2,0,.000,.000
678391,453286,3,0,0,0,1,0,.000,.000
678391,579328,1,0,0,0,0,1,.000,.500
678391,702275,5,2,0,0,1,0,.400,.800
678391,554430,3,0,0,0,1,0,.000,.000
678391,676083,3,1,0,0,0,1,.333,1.167
678391,681190,1,0,0,0,1,0,.000,.000
677588,669467,5,1,0,0,1,0,.200,.400
677588,663567,1,1,0,0,0,0,1.000,2.000
677588,647336,3,0,0,0,1,0,.000,.000
677588,640455,3,1,0,1,1,0,.333,.666
677588,663738,1,0,0,0,0,0,.000,.000
677588,453286,2,0,0,0,1,0,.000,.000
677588,665152,3,2,0,0,0,0,.667,2.334
677588,683003,3,1,0,0,0,0,.333,.666
677588,676083,4,0,0,0,2,1,.000,.200
660688,669467,5,1,0,0,1,0,.200,.400
677588,702275,4,0,0,0,4,1,.000,.200
677588,554430,11,0,0,0,6,0,.000,.000
660688,663567,3,1,0,0,0,0,.333,.666
660688,647336,3,1,0,0,0,0,.333,1.000
660688,640455,11,4,0,1,0,0,.364,.728
660688,665152,9,3,0,1,0,0,.333,.777
660688,693313,1,0,0,0,0,0,.000,.000
660688,689981,1,0,0,0,0,0,.000,.000
660688,607259,7,2,0,1,0,1,.286,.661
660688,579328,3,1,0,0,0,0,.333,.666
660688,607536,7,1,0,0,0,1,.143,.393
660688,453286,11,2,0,0,1,0,.182,.364
660688,702275,3,1,0,0,0,1,.333,.833
660688,669302,3,3,0,3,0,1,1.000,2.133
660688,554430,32,8,3,6,7,0,.250,.844
683083,669467,2,1,0,1,0,0,.500,1.000
660688,681190,2,1,0,0,0,0,.500,1.000
660688,676083,2,0,0,0,0,0,.000,.000
683083,607259,2,1,0,0,0,0,.500,1.000
660688,683003,3,1,0,0,1,0,.333,1.000
683083,693313,2,1,0,2,0,0,.500,1.000
683083,663738,1,1,0,0,0,1,1.000,2.000
660688,682227,1,0,0,0,1,0,.000,.000
683083,640455,6,3,1,2,0,2,.500,1.625
683083,607536,4,0,0,0,0,0,.000,.000
683083,665152,2,0,0,0,1,0,.000,.000
683083,453286,1,1,0,0,0,0,1.000,2.000
683083,702275,5,1,0,0,1,0,.200,.400
683083,554430,4,0,0,0,1,0,.000,.000
683083,676083,6,1,0,1,2,0,.167,.500
691002,579328,2,0,0,0,0,0,.000,.000
669743,607259,4,2,0,0,1,0,.500,1.000
691002,681190,1,0,0,0,1,0,.000,.000
669743,669467,7,2,0,1,1,0,.286,.715
669743,607536,4,1,0,0,1,1,.250,.650
669743,579328,3,1,0,0,1,0,.333,.666
669743,641743,3,1,0,0,0,0,.333,.833
669743,663567,3,0,0,0,0,1,.000,.250
669743,663738,2,1,0,0,1,0,.500,1.000
669743,694819,2,2,0,0,0,0,1.000,2.000
669743,453286,5,1,0,0,2,0,.200,.400
669743,665152,5,2,0,1,0,0,.400,1.200
669743,554430,9,1,0,1,3,1,.111,.311
669743,640455,6,0,0,0,2,2,.000,.250
669743,669302,2,0,0,0,1,0,.000,.000
681624,669358,3,0,0,0,1,0,.000,.000
669743,676083,2,0,0,0,1,0,.000,.000
681624,669467,3,0,0,0,0,0,.000,.000
681624,663738,1,0,0,0,1,0,.000,.000
681624,693313,1,0,0,0,1,0,.000,.000
681624,663567,4,2,0,0,1,0,.500,1.000
681624,607259,10,3,0,0,3,0,.300,.700
681624,453286,4,1,0,0,1,0,.250,.500
681624,647336,5,0,0,0,3,1,.000,.167
681624,640455,4,1,0,0,1,1,.250,.900
681624,800048,2,1,0,0,0,0,.500,1.000
681624,694819,6,0,0,0,1,0,.000,.000
681624,554430,6,1,0,0,1,0,.167,.334
681624,665152,1,0,0,0,1,0,.000,.000
681624,681190,12,4,2,2,1,0,.333,1.166
681624,579328,6,1,0,0,2,0,.167,.334
681624,641743,3,0,0,0,2,0,.000,.000
687221,663567,3,0,0,0,1,0,.000,.000
681624,676083,2,0,0,0,1,0,.000,.000
687221,800048,2,1,0,0,0,0,.500,1.000
687221,607259,2,0,0,0,1,0,.000,.000
687221,663738,1,0,0,0,1,0,.000,.000
681624,607536,15,6,2,5,2,1,.400,1.371
687221,453286,1,1,0,0,0,0,1.000,2.000
687221,647336,3,2,0,0,0,1,.667,1.750
681624,683003,2,0,0,0,1,0,.000,.000
681624,669022,5,3,0,1,0,0,.600,1.200
687221,640455,2,0,0,0,1,0,.000,.000
681624,669302,2,0,0,0,0,0,.000,.000
687221,694819,2,1,0,0,1,0,.500,1.000
687221,665152,1,0,0,0,1,0,.000,.000
687221,607536,3,2,0,1,1,0,.667,1.833
687221,669302,2,1,1,2,0,0,.500,2.500
687221,683003,1,0,0,0,0,0,.000,.000
687221,681190,3,2,2,3,0,0,.667,3.334
571771,663567,4,2,0,0,0,1,.500,1.350
687221,676083,3,0,0,0,1,0,.000,.000
571771,669467,3,0,0,0,1,0,.000,.000
571771,665152,7,1,0,1,0,1,.143,.393
571771,647336,2,0,0,0,2,0,.000,.000
571771,607259,5,1,0,1,1,0,.200,.367
518692,693313,4,0,0,0,1,0,.000,.000
571771,669022,9,4,1,1,2,1,.444,1.389
571771,579328,17,5,0,0,1,3,.294,.753
571771,607536,29,8,2,8,4,4,.276,.913
571771,453286,6,0,0,0,4,0,.000,.000
518692,669358,3,2,1,3,1,0,.667,2.667
571771,641743,1,1,1,2,0,1,1.000,5.000
571771,554430,15,5,0,1,2,1,.333,.708
571771,640455,11,1,0,1,2,0,.091,.182
571771,682227,2,1,0,0,0,0,.500,1.500
518692,663567,7,2,0,2,0,2,.286,.873
571771,669302,12,2,0,0,2,0,.167,.500
518692,669467,5,1,0,1,2,0,.200,.400
518692,647336,6,2,1,2,3,0,.333,1.262
518692,663738,7,2,1,2,3,1,.286,1.089
518692,800048,2,0,0,0,0,0,.000,.000
518692,640455,20,7,1,2,5,1,.350,.959
518692,579328,8,2,0,1,3,0,.250,.472
518692,694819,6,0,0,0,3,0,.000,.000
518692,453286,54,11,3,4,16,9,.204,.757
518692,607259,16,3,1,2,1,4,.188,.788
518692,665152,3,0,0,0,0,1,.000,.250
518692,607536,46,11,0,3,16,3,.239,.614
518692,641743,4,0,0,0,2,0,.000,.000
518692,669302,4,2,0,1,1,1,.500,1.350
676439,669358,5,1,1,1,3,0,.200,1.000
676439,663567,2,0,0,0,0,0,.000,.000
518692,681190,11,6,0,0,0,1,.545,1.401
518692,676083,3,0,0,0,0,0,.000,.000
518692,669022,7,4,0,0,0,1,.571,1.196
518692,682227,7,2,0,0,0,2,.286,.730
676439,694819,2,1,0,0,0,0,.500,1.000
518692,683003,7,3,0,0,2,1,.429,1.214
676439,663738,1,0,0,0,0,0,.000,.000
518692,554430,60,23,3,9,12,15,.383,1.100
676439,682227,3,0,0,0,2,0,.000,.000
676439,676083,2,1,0,1,0,0,.500,1.333
676439,665152,2,0,0,0,1,0,.000,.000
663656,663567,2,0,0,0,1,1,.000,.333
663656,647336,3,0,0,0,1,0,.000,.000
663656,694819,1,0,0,0,0,1,.000,.500
663656,686751,1,0,0,0,1,0,.000,.000
663656,607259,5,3,1,3,0,0,.600,2.067
663656,640455,21,7,4,5,4,1,.333,1.343
663656,665152,6,0,0,0,2,0,.000,.000
663656,579328,11,0,0,1,3,1,.000,.143
663656,663738,1,0,0,0,0,0,.000,.000
663656,453286,9,1,0,1,3,3,.111,.444
663656,800048,3,0,0,0,2,0,.000,.000
663656,669467,6,1,0,1,2,0,.167,.334
663656,607536,14,6,0,0,3,0,.429,.858
663656,669022,4,3,0,0,0,1,.750,1.800
663656,554430,11,1,1,1,3,1,.091,.531
571970,663567,14,4,1,3,3,1,.286,1.047
571970,663738,3,0,0,0,0,1,.000,.250
663656,681190,11,5,1,3,0,2,.455,1.265
663656,682227,4,1,0,0,1,0,.250,.750
571970,669467,2,0,0,0,1,0,.000,.000
663656,669302,29,7,1,3,6,1,.241,.646
663656,683003,4,1,0,1,1,0,.250,.500
571970,607259,6,3,1,2,2,4,.500,1.700
571970,647336,8,0,0,0,2,0,.000,.000
663656,676083,4,2,0,0,1,1,.500,1.100
663656,641743,3,1,1,3,1,1,.333,1.833
571970,800048,2,1,0,0,0,0,.500,1.000
571970,640455,6,1,1,2,2,1,.167,1.042
571970,453286,18,4,1,2,7,6,.222,.806
571970,694819,2,0,0,0,1,1,.000,.333
571970,607536,30,8,1,5,5,1,.267,.713
571970,579328,7,1,1,1,2,1,.143,.821
571970,554430,14,4,3,5,6,3,.286,1.341
571970,682227,7,2,0,1,1,3,.286,.929
571970,669302,2,1,0,0,1,0,.500,1.500
571970,669022,7,1,1,1,3,0,.143,.714
571970,665152,3,1,1,2,0,0,.333,1.666
571970,681190,8,2,0,2,0,1,.250,.800
571970,641743,1,0,0,0,1,0,.000,.500
571970,676083,3,0,0,0,0,0,.000,.000
571970,683003,3,2,0,1,0,1,.667,2.083
500743,663567,4,0,0,0,0,0,.000,.000
500743,669467,7,2,0,0,0,1,.286,.661
500743,800048,2,1,0,0,0,0,.500,1.500
500743,607259,7,3,0,0,2,1,.429,.929
500743,647336,10,4,0,0,1,1,.400,.855
500743,453286,37,9,1,4,5,3,.243,.722
500743,640455,12,3,0,1,2,1,.250,.619
500743,579328,8,1,0,0,2,0,.125,.375
500743,694819,2,1,0,0,0,0,.500,1.500
500743,641743,2,2,0,0,0,0,1.000,2.500
500743,663738,4,1,0,0,0,0,.250,.750
500743,665152,3,0,0,0,0,0,.000,.000
500743,683003,2,0,0,0,0,0,.000,.000
500743,554430,32,9,2,7,7,1,.281,.834
500743,607536,26,9,1,5,7,1,.346,.895
500743,681190,1,1,0,0,0,0,1.000,2.000
500743,669022,9,2,1,2,0,0,.222,.889
605141,663738,5,1,1,2,0,2,.200,1.175
605141,669358,2,0,0,1,0,0,.000,.000
605141,647336,5,0,0,0,1,1,.000,.167
605141,693313,1,0,0,0,0,0,.000,.000
500743,682227,7,2,1,2,1,0,.286,1.000
605141,607259,32,7,1,2,2,2,.219,.609
605141,663567,4,1,0,0,1,2,.250,.750
500743,669302,4,1,0,0,1,0,.250,.750
605141,800048,2,0,0,0,1,0,.000,.000
605141,665152,4,0,0,0,1,1,.000,.200
605141,453286,10,3,1,2,1,2,.300,1.117
605141,669467,4,0,0,0,1,0,.000,.000
605141,579328,14,4,0,1,2,4,.286,.944
605141,694819,6,1,0,0,2,0,.167,.334
605141,554430,11,0,0,0,4,1,.000,.083
605141,607536,50,15,4,10,12,2,.300,.967
605141,640455,35,11,3,8,3,2,.314,1.111
605141,683003,6,0,0,0,0,1,.000,.143
605141,641743,3,0,0,0,1,0,.000,.000
605141,682227,5,2,1,1,0,1,.400,1.500
605141,681190,11,1,0,1,0,1,.091,.245
660271,669358,2,2,0,0,0,1,1.000,2.000
660271,607259,12,0,0,0,4,1,.000,.077
660271,669467,3,1,1,1,1,1,.333,1.833
605141,669302,5,1,0,2,1,0,.200,.600
605141,669022,9,3,0,1,0,3,.333,1.056
660271,663567,2,1,0,0,1,0,.500,1.000
660271,453286,7,2,0,0,2,0,.286,.715
660271,694819,5,2,1,2,2,1,.400,1.900
660271,693313,1,1,0,0,0,0,1.000,2.000
660271,665152,5,0,0,0,3,2,.000,.286
660271,800048,3,1,0,0,1,0,.333,.666
660271,640455,10,4,0,1,2,2,.400,1.000
660271,663738,4,2,1,2,2,2,.500,1.917
660271,647336,5,2,0,2,2,2,.400,1.571
660271,579328,26,9,3,6,7,1,.346,1.101
660271,607536,18,9,3,9,1,1,.500,1.606
660271,669022,7,4,1,3,2,2,.571,1.953
660271,669302,15,4,1,1,7,8,.267,1.055
660271,554430,9,5,1,1,4,3,.556,1.556
660271,681190,11,3,1,2,3,2,.273,.974
660271,683003,6,0,0,0,4,2,.000,.250
606192,693313,4,2,0,0,1,0,.500,1.000
660271,682227,1,0,0,0,1,1,.000,.500
606192,453286,8,2,1,2,5,2,.250,1.025
606192,607259,11,3,0,0,1,0,.273,.728
606192,647336,6,1,0,0,3,0,.167,.500
606192,669467,4,3,1,1,1,0,.750,2.500
606192,800048,2,0,0,0,1,0,.000,.000
606192,669358,7,1,1,1,4,1,.143,.821
606192,663567,4,0,0,0,2,0,.000,.000
606192,663738,8,1,1,1,1,1,.125,.722
606192,694819,2,1,0,0,1,0,.500,1.000
606192,686751,1,0,0,0,1,0,.000,.000
606192,640455,17,4,1,3,3,0,.235,.706
606192,665152,16,4,0,1,5,0,.250,.563
606192,579328,14,7,1,2,1,0,.500,1.357
606192,681190,9,0,0,1,3,0,.000,.000
606192,669302,11,5,1,2,4,0,.455,1.273
669242,663567,2,1,0,0,0,0,.500,1.500
606192,607536,13,2,1,1,4,1,.154,.599
606192,676083,3,0,0,0,0,0,.000,.000
606192,669022,9,3,1,1,2,0,.333,1.000
606192,682227,3,2,1,3,1,1,.667,2.417
606192,554430,10,3,2,4,3,1,.300,1.264
606192,683003,5,1,0,1,2,0,.200,.400
669242,669358,2,1,0,0,1,0,.500,1.000
669242,693313,4,2,1,2,0,0,.500,1.750
669242,694819,3,0,0,0,1,0,.000,.000
669242,647336,3,0,0,0,3,0,.000,.000
669242,640455,4,1,1,1,1,0,.250,1.250
669242,665152,2,0,0,0,0,0,.000,.000
669242,579328,3,0,0,0,0,0,.000,.000
669242,607536,15,5,2,2,3,0,.333,1.200
669242,453286,11,4,1,2,3,1,.364,1.189
669242,663738,3,2,0,0,0,0,.667,1.667
669242,607259,5,4,0,1,1,1,.800,1.833
669242,686751,1,1,0,0,0,0,1.000,2.000
669242,554430,15,2,0,0,6,0,.133,.266
669242,669022,10,1,0,0,4,0,.100,.200
669257,693313,1,0,0,0,0,0,.000,.000
669257,607259,10,2,1,1,3,2,.200,.985
669242,683003,1,0,0,0,1,1,.000,.500
669257,669467,4,0,0,0,0,0,.000,.000
669257,663738,6,0,0,0,0,0,.000,.000
669242,669302,5,0,0,0,2,0,.000,.000
669257,669358,2,1,0,0,1,1,.500,1.667
669257,647336,2,0,0,0,1,1,.000,.333
669242,682227,9,0,0,0,0,1,.000,.100
669257,663567,9,2,1,2,2,0,.222,.778
669242,681190,5,1,0,1,0,0,.200,.800
669257,665152,2,1,0,1,0,1,.500,1.667
669257,676083,3,2,0,0,0,0,.667,1.334
669257,453286,3,0,0,0,0,0,.000,.000
669257,681190,7,2,0,0,1,0,.286,.715
669257,640455,18,9,0,3,1,1,.500,1.082
669257,669022,8,1,0,0,4,2,.125,.489
669257,607536,22,6,1,2,4,2,.273,.833
669257,554430,10,4,1,3,4,1,.400,1.255
669257,683003,2,1,0,0,0,0,.500,1.667
669257,669302,1,0,0,1,1,1,.000,.333
669257,579328,7,2,0,0,0,2,.286,.873
677951,453286,11,2,0,1,3,1,.182,.523
669257,682227,6,2,1,2,2,0,.333,1.333
677951,607259,7,2,1,1,1,0,.286,1.143
677951,800048,3,0,0,0,0,0,.000,.000
677951,669467,15,3,1,5,4,1,.200,.650
677951,669358,11,3,1,3,0,1,.273,1.035
677951,647336,5,3,1,3,0,0,.600,2.000
677951,686751,1,1,0,1,0,1,1.000,3.000
677951,687792,3,0,0,0,0,0,.000,.000
677951,640455,13,4,2,2,4,1,.308,1.126
677951,641743,9,5,0,1,0,2,.556,1.361
677951,665152,15,4,1,1,1,2,.267,.820
677951,579328,15,1,0,0,5,1,.067,.258
677951,607536,9,3,0,2,0,0,.333,1.000
695600,669467,3,1,0,0,1,0,.333,.666
695600,669358,5,2,0,0,3,1,.400,1.100
677951,681190,8,3,0,0,1,0,.375,.750
677951,676083,2,1,0,0,0,1,.500,1.667
677951,669022,9,2,0,0,2,0,.222,.444
677951,669302,17,7,1,2,4,4,.412,1.112
677951,683003,3,0,0,0,1,0,.000,.000
695600,647336,1,0,0,0,0,1,.000,.500
677951,682227,2,1,1,2,0,0,.500,2.500
695600,800048,2,1,0,0,0,1,.500,1.167
695600,453286,6,3,0,0,1,1,.500,1.458
695600,607536,4,0,0,0,2,0,.000,.000
695600,579328,2,1,0,0,0,0,.500,1.000
695600,686751,1,1,0,0,0,0,1.000,3.000
695600,665152,3,0,0,0,1,0,.000,.000
695600,641743,5,3,0,2,1,0,.600,1.467
695600,669302,4,1,1,1,2,0,.250,1.250
686555,669467,7,1,0,0,3,0,.143,.286
695600,681190,1,1,0,0,0,0,1.000,3.000
686555,453286,5,1,0,0,0,1,.200,.533
686555,647336,2,1,0,0,0,0,.500,1.000
686555,663738,1,0,0,0,0,0,.000,.000
686555,669358,5,1,0,1,2,0,.200,.800
686555,607259,1,1,0,0,0,0,1.000,2.000
686555,669302,4,0,0,0,1,0,.000,.000
686555,607536,7,3,0,0,0,0,.429,.858
686555,665152,5,2,0,0,1,0,.400,.800
686555,681190,1,0,0,0,1,2,.000,.667
686555,669022,2,1,0,1,0,0,.500,1.000
686555,640455,5,2,0,0,1,1,.400,1.100
695506,669358,9,1,0,0,4,0,.111,.222
686555,641743,5,1,0,1,0,0,.200,.829
686555,676083,2,2,0,1,0,0,1.000,2.500
695506,669467,2,0,0,0,0,0,.000,.000
695506,800048,3,1,0,0,1,0,.333,1.000
686555,579328,5,1,0,1,1,0,.200,.400
695506,453286,2,1,0,1,1,0,.500,1.000
695506,640455,4,1,0,1,3,0,.250,.750
695506,579328,1,0,0,0,0,1,.000,.500
695506,669302,7,1,0,0,2,0,.143,.286
695506,641743,4,0,0,0,3,0,.000,.200
695506,607536,4,1,0,0,0,0,.250,.750
695506,686751,3,1,0,1,1,0,.333,.666
695506,681190,4,0,0,0,0,0,.000,.000
695506,665152,2,0,0,0,0,0,.000,.000
670231,800048,2,0,0,0,1,1,.000,.333
695506,669022,5,2,0,1,2,0,.400,1.000
695506,676083,2,1,0,2,0,0,.500,1.500
670231,607259,2,0,0,0,2,0,.000,.000
670231,665152,1,0,0,0,0,1,.000,.500
670231,647336,1,0,0,0,1,0,.000,.000
670231,453286,6,1,1,1,3,1,.167,.953
668942,669358,2,1,0,0,1,0,.500,1.000
668942,663567,4,0,0,0,2,0,.000,.000
670231,607536,4,1,0,0,0,0,.250,.500
668942,693313,1,0,0,0,0,0,.000,.000
668942,647336,1,1,0,1,0,1,1.000,2.000
668942,607536,7,2,0,0,1,1,.286,.661
668942,579328,3,1,0,0,0,0,.333,.666
668942,453286,6,2,0,1,0,1,.333,.708
668942,665152,3,2,0,0,0,2,.667,1.467
668942,686751,1,0,0,0,0,0,.000,.000
668942,607259,12,0,0,0,3,1,.000,.077
668942,554430,15,3,0,0,3,2,.200,.561
668942,640455,9,1,0,0,3,0,.111,.333
664728,669467,10,5,0,0,0,1,.500,1.345
668942,676083,2,2,0,1,0,0,1.000,2.500
664728,607259,4,1,0,0,0,0,.250,.500
668942,681190,2,1,0,0,0,0,.500,1.000
664728,669358,3,3,0,0,0,0,1.000,2.667
664728,647336,4,0,0,0,1,0,.000,.000
664728,453286,4,2,0,0,1,0,.500,1.500
664728,800048,2,0,0,0,1,0,.000,.000
664728,686751,1,0,0,0,1,0,.000,.000
664728,687792,1,0,0,0,1,1,.000,.500
664728,665152,9,1,0,1,0,0,.111,.211
664728,640455,3,1,0,0,1,0,.333,.666
664728,641743,7,1,0,0,5,0,.143,.572
664728,579328,4,1,0,0,3,0,.250,.500
664728,669302,11,2,0,0,2,1,.182,.523
664728,669022,2,0,0,0,0,0,.000,.000
571912,647336,2,1,0,2,0,0,.500,1.000
664728,681190,5,1,0,0,0,0,.200,.400
664728,676083,4,1,0,0,0,0,.250,.500
571912,453286,1,0,0,0,1,0,.000,.500
571912,669467,4,1,0,0,0,1,.250,.650
571912,665152,4,0,0,0,2,0,.000,.000
571912,640455,5,0,0,0,3,1,.000,.167
571912,607259,1,0,0,0,0,0,.000,.000
571912,669302,2,0,0,0,1,0,.000,.000
571912,607536,3,1,0,1,2,0,.333,.666
571912,579328,2,0,0,0,2,0,.000,.000
571912,554430,6,1,0,0,3,0,.167,.334
571912,681190,1,0,0,0,1,0,.000,.000
672580,669358,9,4,0,1,2,1,.444,1.056
672580,579328,10,1,1,2,2,0,.100,.500
672580,607536,7,2,1,1,0,0,.286,1.286
672580,687792,1,0,0,0,0,1,.000,.500
672580,607259,4,1,0,0,0,0,.250,.750
672580,453286,4,0,0,0,0,1,.000,.200
672580,669467,14,3,0,0,2,0,.214,.500
672580,665152,10,2,0,2,2,1,.200,.573
672580,640455,5,0,0,0,2,0,.000,.000
672580,647336,3,0,0,0,1,0,.000,.000
672580,686751,1,0,0,0,0,0,.000,.000
672580,681190,6,0,0,0,1,2,.000,.250
672580,676083,2,0,0,1,1,0,.000,.000
672580,669022,8,2,0,0,4,1,.250,.583
672580,682227,2,0,0,0,0,0,.000,.000
672580,641743,6,2,0,0,0,2,.333,.833
672580,683003,2,1,0,1,1,0,.500,1.500
672580,669302,16,3,0,0,3,1,.188,.423
683090,681190,2,1,0,0,0,0,.500,1.500
686681,647336,2,1,0,0,0,0,.500,1.000
686681,669358,6,1,0,2,0,0,.167,.458
686681,687792,3,2,0,1,0,0,.667,1.334
686681,453286,6,2,1,2,0,1,.333,1.262
686681,607259,8,1,0,0,1,0,.125,.250
686681,669467,8,1,0,0,2,0,.125,.250
686681,579328,4,1,0,1,1,0,.250,.750
686681,683003,1,1,0,0,0,1,1.000,2.000
686681,665152,9,5,0,0,2,0,.556,1.334
686681,669302,10,1,0,0,2,0,.100,.200
686681,669022,3,1,0,0,2,0,.333,.666
521692,669358,8,1,0,1,2,0,.125,.375
686681,607536,2,1,0,1,0,0,.500,1.000
686681,641743,4,0,0,0,0,0,.000,.000
521692,669467,13,4,2,4,2,1,.308,1.102
521692,800048,3,1,0,1,0,0,.333,.666
521692,665152,13,3,1,3,1,1,.231,.824
521692,687792,2,0,0,0,0,0,.000,.000
521692,647336,5,0,0,0,1,0,.000,.000
521692,607259,10,3,1,3,0,0,.300,1.000
521692,453286,41,15,4,11,3,1,.366,1.088
521692,641743,11,3,0,1,2,0,.273,.606
521692,640455,21,6,3,6,4,0,.286,1.032
521692,681190,8,3,1,3,0,1,.375,1.194
521692,669022,9,1,0,0,2,0,.111,.333
521692,579328,20,4,0,0,8,0,.200,.450
521692,607536,13,4,0,2,3,0,.308,.770
521692,682227,3,1,0,0,0,0,.333,.666
521692,676083,3,1,0,0,0,0,.333,1.000
686475,800048,2,0,0,0,1,0,.000,.000
521692,683003,2,1,0,0,0,0,.500,1.000
521692,669302,21,7,2,8,6,2,.333,1.084
686475,579328,2,0,0,0,1,0,.000,.000
686475,640455,4,2,0,0,0,0,.500,1.000
686475,641743,2,0,0,0,0,0,.000,.000
686475,607536,4,0,0,0,1,0,.000,.000
686475,681190,1,0,0,0,0,0,.000,.000
686469,800048,3,1,0,0,0,0,.333,.666
686469,453286,11,2,0,1,0,1,.182,.523
686469,607259,7,4,0,0,1,0,.571,1.142
686469,669358,10,3,0,1,3,0,.300,.673
686469,665152,10,2,1,1,0,2,.200,.833
686469,579328,5,1,0,0,3,0,.200,.400
686469,640455,4,1,0,0,1,0,.250,.500
686469,669467,14,2,1,1,2,0,.143,.500
686469,676083,2,1,0,1,0,0,.500,.833
686469,647336,5,0,0,0,1,0,.000,.000
686469,641743,8,1,0,0,3,0,.125,.250
686469,681190,5,3,1,3,0,0,.600,1.800
701162,663738,2,0,0,0,1,0,.000,.000
686469,669022,7,2,0,0,1,2,.286,.730
686469,669302,11,3,1,2,2,3,.273,.974
686469,607536,6,1,0,0,2,0,.167,.334
701162,800048,4,2,0,0,1,0,.500,1.350
701162,687792,2,1,0,0,0,0,.500,1.500
701162,641743,2,0,0,0,0,0,.000,.000
814430,453286,1,0,0,0,0,1,.000,.500
814430,665152,4,0,0,0,3,0,.000,.000
693307,663567,3,1,0,0,0,0,.333,.666
693307,693313,1,0,0,0,0,0,.000,.000
693307,669467,2,1,0,0,0,0,.500,1.000
693307,669358,4,1,0,0,2,2,.250,1.000
693307,607259,3,2,1,4,0,0,.667,2.334
693307,647336,3,0,0,0,3,0,.000,.000
693307,800048,10,1,0,1,3,0,.100,.300
693307,453286,4,1,0,0,1,0,.250,.500
693307,663738,2,0,0,0,1,0,.000,.000
693307,687792,1,0,0,0,1,1,.000,.500
693307,665152,8,1,1,1,3,0,.125,.625
693307,702275,3,0,0,0,2,0,.000,.000
693307,579328,4,2,0,0,1,0,.500,1.000
693307,641743,6,0,0,0,2,0,.000,.000
693307,554430,6,0,0,0,2,0,.000,.000
680664,663738,2,0,0,0,0,0,.000,.000
693307,640455,2,2,0,0,0,0,1.000,2.000
693307,676083,5,1,0,0,0,0,.200,.400
693307,669302,3,2,0,2,0,0,.667,1.667
693307,669022,3,0,0,0,0,1,.000,.250
680664,693313,1,0,0,0,0,0,.000,.000
680664,665152,6,5,1,2,0,0,.833,2.333
680664,687792,2,2,0,0,0,0,1.000,2.500
680664,800048,3,1,1,1,1,0,.333,1.666
680664,641743,2,2,1,2,0,0,1.000,3.500
650402,669358,9,1,0,0,3,3,.111,.444
650402,669467,2,1,0,1,0,0,.500,1.000
650402,607259,8,4,1,1,1,0,.500,1.500
650402,663738,9,2,1,3,1,1,.222,.856
650402,647336,4,0,0,0,3,1,.000,.200
650402,693313,1,0,0,0,0,0,.000,.000
650402,687792,2,0,0,0,0,1,.000,.333
650402,683003,3,1,0,0,1,0,.333,.666
650402,702275,2,0,0,0,0,1,.000,.333
650402,800048,8,2,0,0,3,1,.250,.583
650402,676083,3,1,0,1,1,1,.333,1.067
650402,640455,9,2,1,1,4,1,.222,.856
650402,681190,4,1,0,0,1,1,.250,.650
650402,669022,9,1,0,0,1,1,.111,.311
650402,579328,32,13,2,6,3,4,.406,1.160
650402,641743,7,4,0,1,0,1,.571,1.482
650402,669302,16,6,0,0,2,1,.375,.850
650402,607536,8,4,0,1,0,0,.500,1.125
650402,453286,13,1,1,3,5,1,.077,.451
650402,665152,34,11,1,6,6,3,.324,.878
650402,554430,11,2,0,1,3,0,.182,.364
701678,663738,2,0,0,0,0,0,.000,.000
701678,663567,2,0,0,0,1,0,.000,.000
701678,453286,3,0,0,0,1,0,.000,.000
701678,687792,2,1,0,1,0,0,.500,1.500
701678,800048,6,1,0,0,3,1,.167,.453
701678,641743,5,2,0,0,0,0,.400,.800
701678,665152,5,1,0,1,3,0,.200,.400
701678,669022,2,1,0,1,0,0,.500,1.000
690291,647336,1,0,0,0,0,0,.000,.000
690291,702275,1,0,0,0,0,1,.000,.500
690291,665152,3,1,0,1,0,0,.333,.666
595879,669358,5,1,1,2,0,0,.200,1.000
595879,607259,2,2,1,1,0,1,1.000,3.500
690291,681190,1,0,0,0,0,1,.000,.500
595879,579328,10,4,1,3,2,0,.400,1.300
595879,693313,1,1,0,0,0,0,1.000,2.000
595879,647336,4,0,0,0,2,0,.000,.000
595879,663738,17,6,1,4,2,2,.353,1.009
595879,687792,2,1,1,2,1,0,.500,2.500
595879,669467,2,0,0,0,1,0,.000,.000
595879,640455,9,2,0,2,5,1,.222,.606
595879,607536,8,1,0,0,2,0,.125,.375
595879,453286,16,1,0,1,9,0,.063,.188
595879,665152,9,5,0,3,2,1,.556,1.267
595879,663567,6,2,0,1,0,0,.333,.666
595879,800048,6,2,0,1,2,0,.333,.833
595879,641743,2,0,0,0,0,0,.000,.000
595879,554430,18,3,1,3,5,0,.167,.500
595879,683003,1,0,0,0,0,1,.000,.500
595879,669022,2,0,0,0,1,0,.000,.000
595879,669302,8,3,0,2,2,0,.375,.750
807726,665152,2,1,0,2,0,0,.500,1.500
595879,682227,2,0,0,0,0,0,.000,.000
807726,453286,2,0,0,0,1,0,.000,.000
807726,687792,2,0,0,0,0,0,.000,.000
807726,800048,2,1,0,0,0,1,.500,1.167
805808,663567,3,0,0,0,0,0,.000,.000
805808,800048,6,0,0,0,3,0,.000,.000
805808,647336,2,0,0,0,0,0,.000,.000
805808,607259,3,1,0,0,0,0,.333,.666
805808,693313,2,0,0,0,0,0,.000,.000
805808,663738,3,1,0,1,0,1,.333,1.167
805808,453286,3,1,0,0,0,0,.333,.666
805808,681190,2,0,0,0,1,0,.000,.000
805808,669022,2,0,0,0,1,0,.000,.000
805808,641743,5,1,0,0,0,1,.200,.533
805808,665152,7,4,1,2,0,2,.571,1.667
805808,702275,3,2,0,1,0,0,.667,1.334
805808,676083,2,1,0,0,0,1,.500,1.667
805808,554430,2,0,0,0,0,1,.000,.333
703601,663738,1,1,0,0,0,1,1.000,2.000
703601,693313,1,0,0,1,0,0,.000,.000
703601,800048,2,0,0,0,0,0,.000,.000
703601,453286,2,0,0,0,0,0,.000,.000
703601,665152,3,1,0,0,0,1,.333,1.167
682985,669358,5,3,1,4,1,1,.600,1.867
682985,669467,1,1,0,0,0,2,1.000,2.000
682985,800048,7,5,3,4,2,1,.714,2.750
682985,607259,5,3,2,3,1,1,.600,2.467
682985,647336,5,1,0,0,2,1,.200,.533
682985,663567,3,0,0,0,1,0,.000,.000
682985,579328,2,1,0,0,1,0,.500,1.167
682985,687792,2,0,0,0,0,0,.000,.000
682985,640455,8,3,0,1,2,1,.375,1.069
682985,663738,13,5,0,0,5,1,.385,1.044
682985,453286,7,2,0,1,1,0,.286,.572
682985,669022,2,1,0,0,1,0,.500,1.000
682985,554430,6,1,0,0,3,0,.167,.334
682985,683003,3,2,0,0,0,0,.667,1.667
682985,702275,3,1,1,1,1,0,.333,1.666
682985,641743,3,1,0,0,1,0,.333,.666
682985,681190,4,1,0,1,1,1,.250,.650
682985,665152,13,2,0,1,5,3,.154,.467
682985,669302,12,5,0,0,4,0,.417,.917
682985,676083,5,2,1,4,0,0,.400,1.400
679529,800048,10,2,1,2,5,1,.200,.773
679529,607259,4,1,0,1,1,0,.250,.583
679529,663567,4,0,0,0,0,1,.000,.200
679529,669467,2,2,0,1,0,1,1.000,2.500
679529,647336,6,1,0,1,2,0,.167,.334
679529,687792,2,0,0,0,2,0,.000,.000
679529,669358,6,1,0,0,1,0,.167,.500
679529,640455,5,0,0,1,2,0,.000,.000
679529,579328,6,2,1,1,1,1,.333,1.429
679529,607536,2,2,0,3,0,0,1.000,2.500
679529,663738,20,4,2,5,5,0,.200,.700
656716,663567,2,1,0,0,0,0,.500,1.000
679529,453286,6,1,0,1,4,1,.167,.619
679529,641743,4,1,0,0,1,0,.250,.500
679529,702275,3,0,0,0,0,0,.000,.000
679529,554430,8,0,0,0,5,0,.000,.000
679529,665152,9,0,0,0,2,2,.000,.182
679529,683003,2,0,0,0,1,0,.000,.000
679529,676083,4,1,0,0,2,1,.250,.650
656716,669467,4,0,0,0,0,0,.000,.000
656716,669358,3,0,0,0,1,0,.000,.000
679529,682227,2,1,0,0,0,0,.500,1.000
679529,669302,8,1,0,1,4,1,.125,.472
656716,647336,3,1,0,0,0,0,.333,.666
679529,669022,2,1,0,1,0,3,.500,1.800
656716,800048,3,0,0,0,2,0,.000,.000
656716,453286,7,2,0,1,2,1,.286,.804
656716,663738,3,1,0,1,0,0,.333,.666
679529,681190,6,1,1,2,2,1,.167,.953
656716,640455,2,1,0,1,0,0,.500,2.000
656716,607259,4,0,0,0,3,0,.000,.000
656716,665152,15,5,0,0,2,0,.333,.800
656716,579328,3,0,0,0,2,0,.000,.000
701358,669358,4,1,0,0,2,0,.250,.750
656716,607536,3,1,0,1,0,0,.333,.666
656716,669022,2,0,0,0,1,0,.000,.000
656716,676083,4,0,0,0,0,0,.000,.000
701358,693313,1,0,0,0,1,0,.000,.000
656716,554430,13,2,0,0,5,1,.154,.368
701358,669467,1,0,0,0,0,1,.000,.500
656716,669302,7,2,0,0,1,2,.286,.730
656716,681190,3,1,0,1,1,1,.333,1.500
701358,686751,1,1,1,1,0,0,1.000,5.000
701358,647336,2,1,0,1,1,0,.500,1.500
701358,665152,2,0,0,0,2,0,.000,.000
701358,695684,2,0,0,0,1,0,.000,.000
701358,800048,2,1,0,0,1,0,.500,1.000
701358,554430,5,2,0,0,2,1,.400,.900
701358,694819,3,0,0,0,0,0,.000,.000
701358,579328,8,1,0,0,3,0,.125,.250
701358,663738,2,0,0,0,0,0,.000,.000
701358,607536,9,3,0,1,3,0,.333,.777
701358,641743,2,1,0,0,1,0,.500,2.000
701358,607259,2,1,0,0,0,0,.500,1.000
701358,669022,4,1,0,1,1,0,.250,.450
701358,676083,2,0,0,0,0,0,.000,.000
543877,663738,3,0,0,0,0,0,.000,.000
543877,607259,8,2,0,0,1,0,.250,.583
543877,669467,3,0,0,0,0,1,.000,.250
701358,669302,5,1,0,0,1,0,.200,.600
543877,663567,2,1,0,0,0,0,.500,1.000
701358,683003,2,0,0,0,0,0,.000,.000
543877,453286,6,1,0,0,0,0,.167,.334
543877,695684,2,0,0,0,1,0,.000,.000
543877,640455,9,3,0,1,3,1,.333,.733
543877,665152,8,2,1,3,1,0,.250,.875
543877,669022,1,0,0,0,0,0,.000,.000
543877,641743,2,1,0,0,0,1,.500,1.167
543877,607536,2,0,0,0,0,0,.000,.000
543877,579328,11,0,0,0,2,0,.000,.000
543877,694819,4,0,0,0,1,0,.000,.000
572233,669358,3,1,0,0,0,0,.333,.666
572233,663738,4,0,0,0,1,0,.000,.000
543877,554430,7,1,0,0,1,0,.143,.286
543877,669302,4,1,0,0,0,0,.250,.500
572233,607259,13,6,1,4,1,2,.462,1.302
572233,800048,2,0,0,0,0,0,.000,.000
572233,695684,2,0,0,0,0,0,.000,.000
572233,453286,3,1,1,1,2,0,.333,1.666
572233,669467,6,2,0,0,1,0,.333,.666
572233,663567,6,2,1,1,0,1,.333,1.262
572233,693313,1,0,0,0,0,0,.000,.000
572233,647336,11,2,0,0,5,1,.182,.672
572233,640455,22,5,1,7,6,1,.227,.670
572233,686751,1,0,0,0,0,0,.000,.000
572233,607536,44,14,4,10,4,5,.318,1.039
572233,694819,3,0,0,0,0,0,.000,.000
572233,579328,20,2,0,1,6,1,.100,.343
572233,681190,11,1,0,2,3,0,.091,.349
572233,641743,2,0,0,1,0,1,.000,.333
572233,669302,17,4,2,4,6,0,.235,.882
572233,676083,5,1,1,3,0,0,.200,1.000
670623,663567,3,0,0,0,1,0,.000,.000
572233,665152,7,1,0,1,5,0,.143,.268
572233,669022,9,2,0,0,4,1,.222,.586
572233,682227,5,0,0,0,3,0,.000,.000
572233,554430,24,10,1,4,6,1,.417,1.129
670623,669467,2,0,0,0,0,0,.000,.000
670623,669358,5,0,0,0,0,1,.000,.167
572233,683003,3,1,0,0,1,0,.333,.666
670623,693313,1,0,0,0,0,0,.000,.000
670623,607259,11,2,0,1,3,1,.182,.581
670623,687792,1,1,0,0,0,1,1.000,2.000
670623,694819,3,1,0,0,0,0,.333,1.000
670623,695684,2,0,0,0,0,1,.000,.333
670623,647336,2,1,0,0,0,0,.500,1.000
670623,640455,1,0,0,0,0,0,.000,.000
670623,607536,9,3,0,1,2,0,.333,.777
670623,663738,5,0,0,0,1,0,.000,.000
670623,554430,6,1,0,0,2,0,.167,.334
670623,800048,2,1,0,0,0,0,.500,1.000
670623,665152,9,2,0,1,1,0,.222,.422
670623,579328,21,6,2,5,4,1,.286,.904
670623,641743,3,1,0,0,0,0,.333,.666
665161,669467,1,1,0,1,0,1,1.000,3.000
665161,663738,3,2,0,0,0,0,.667,1.667
670623,681190,2,0,0,0,0,0,.000,.000
670623,683003,6,0,0,0,2,2,.000,.250
665161,693313,1,0,0,0,1,0,.000,.000
670623,676083,1,0,0,0,0,1,.000,.500
670623,669022,2,0,0,0,1,0,.000,.000
665161,647336,1,0,0,0,1,0,.000,.000
670623,669302,12,2,0,0,2,0,.167,.334
665161,453286,7,4,0,0,2,0,.571,1.285
665161,694819,3,1,0,0,2,0,.333,.666
665161,669358,9,5,1,1,0,0,.556,1.667
665161,607259,5,1,0,1,1,0,.200,.400
665161,641743,3,1,0,0,1,0,.333,.666
665161,579328,15,6,1,1,0,1,.400,1.171
665161,607536,5,1,0,0,0,1,.200,.533
665161,665152,16,2,0,0,3,2,.125,.347
665161,689981,2,0,0,0,2,0,.000,.000
665161,695684,3,0,0,0,2,0,.000,.000
665161,669022,6,3,0,1,0,0,.500,1.167
665161,554430,12,1,0,0,3,0,.083,.250
665161,669302,25,2,0,0,6,1,.080,.195
665161,681190,3,0,0,0,0,0,.000,.000
665161,683003,3,1,0,0,0,0,.333,.666
665161,676083,3,1,1,4,0,0,.333,1.666
678489,640455,2,1,0,2,0,1,.500,1.667
678489,681190,1,1,0,0,0,0,1.000,2.000
678489,641743,2,0,0,0,0,0,.000,.000
678489,683003,2,0,0,0,0,0,.000,.000
678489,665152,2,1,0,0,1,0,.500,1.500
514888,663567,5,1,1,1,0,1,.200,1.133
514888,695684,2,1,0,1,0,1,.500,1.667
514888,669358,13,1,1,1,4,0,.077,.385
514888,647336,2,0,0,0,0,0,.000,.000
514888,669467,6,1,0,0,3,1,.167,.453
514888,663738,8,1,0,0,1,0,.125,.375
514888,689981,2,1,0,0,0,1,.500,1.667
514888,800048,2,0,0,0,1,0,.000,.000
514888,607259,36,9,1,2,2,0,.250,.714
514888,640455,44,11,2,4,3,1,.250,.699
514888,453286,22,3,0,0,6,0,.136,.272
514888,579328,30,6,1,4,8,7,.200,.792
514888,607536,11,2,1,1,4,1,.182,.705
514888,665152,22,9,1,1,3,0,.409,1.091
514888,641743,1,0,0,0,1,0,.000,.000
514888,681190,2,0,0,0,0,0,.000,.000
514888,669022,10,5,2,4,2,1,.500,1.645
664774,453286,1,0,0,0,0,0,.000,.000
664774,663567,8,4,0,4,0,1,.500,1.056
514888,669302,41,17,2,2,8,2,.415,1.199
514888,676083,5,0,0,0,2,1,.000,.167
664774,669467,4,2,0,1,0,0,.500,1.000
664774,693313,1,1,0,0,0,0,1.000,2.000
514888,554430,5,1,0,0,2,1,.200,.533
664774,663738,1,0,0,0,1,1,.000,.500
664774,647336,4,0,0,0,0,0,.000,.000
664774,689981,2,2,0,0,0,1,1.000,2.000
664774,686751,1,0,0,0,1,1,.000,.500
664774,607259,12,2,0,0,3,0,.167,.334
664774,669302,4,1,0,0,1,0,.250,.500
664774,665152,7,1,1,1,3,1,.143,.821
664774,681190,1,0,0,0,0,0,.000,.000
664774,554430,6,4,0,1,0,1,.667,1.381
664774,676083,1,0,0,0,0,1,.000,.500
664774,669022,4,0,0,0,2,0,.000,.000
664774,683003,5,2,0,1,2,2,.400,.900
828599,665152,1,0,0,0,0,1,.000,.500
828599,686751,1,0,0,0,1,0,.000,.000
828599,676083,1,0,0,0,0,1,.000,.500
676369,607259,1,0,0,0,1,0,.000,.000
676369,669467,1,1,0,0,0,0,1.000,2.000
676369,640455,3,1,0,1,2,0,.333,.666
676369,647336,2,2,1,2,0,0,1.000,3.500
676369,453286,2,0,0,0,0,0,.000,.000
676369,665152,4,0,0,0,3,0,.000,.000
676369,681190,4,0,0,0,3,0,.000,.000
676369,579328,4,0,0,0,1,1,.000,.200
676369,669022,4,1,0,0,2,1,.250,.900
676369,669302,5,1,1,3,3,0,.200,1.000
676369,641743,2,1,1,2,1,0,.500,2.500
669397,647336,1,0,0,0,0,0,.000,.000
669397,693313,2,0,0,0,1,0,.000,.000
669397,607259,3,0,0,0,0,0,.000,.000
669397,453286,3,1,0,0,0,0,.333,.666
669397,694819,2,0,0,0,0,0,.000,.000
669397,641743,2,0,0,0,0,0,.000,.000
669397,665152,4,2,0,0,1,0,.500,1.250
669397,554430,1,0,0,0,1,0,.000,.000
669397,607536,2,2,0,1,0,0,1.000,3.000
669397,669022,4,0,0,0,2,0,.000,.000
669397,579328,3,1,0,0,1,1,.333,.833
666211,647336,2,0,0,0,0,0,.000,.000
669397,669302,16,4,0,1,2,0,.250,.500
669397,683003,2,0,0,0,0,0,.000,.000
669397,676083,2,0,0,0,0,1,.000,.333
666211,607259,2,0,0,0,0,0,.000,.000
666211,669467,2,1,0,0,0,0,.500,1.000
666211,695684,2,0,0,0,1,0,.000,.000
666211,694819,3,0,0,0,3,0,.000,.000
666211,640455,3,0,0,0,1,0,.000,.000
666211,641743,2,0,0,0,1,0,.000,.000
666211,665152,7,0,0,0,4,0,.000,.000
666211,669022,1,0,0,0,0,0,.000,.000
666211,554430,4,1,0,1,2,1,.250,.900
673237,669358,11,6,1,2,4,1,.545,1.492
666211,676083,3,1,0,1,1,1,.333,.833
666211,683003,2,1,0,0,1,0,.500,1.500
673237,693313,1,0,0,0,0,0,.000,.000
666211,681190,2,1,0,0,0,0,.500,1.000
673237,800048,2,1,0,0,0,0,.500,1.500
673237,689981,2,0,0,0,0,0,.000,.000
673237,669467,2,1,1,3,0,0,.500,2.500
666211,669302,4,0,0,0,2,0,.000,.000
673237,686751,1,0,0,0,0,0,.000,.000
673237,453286,5,1,1,1,2,0,.200,1.000
673237,647336,3,3,1,1,0,0,1.000,3.000
673237,607259,7,1,0,0,1,1,.143,.393
673237,663738,2,0,0,0,0,0,.000,.000
673237,669302,22,6,2,2,5,0,.273,.864
673237,676083,4,1,0,0,0,0,.250,.500
673237,554430,4,0,0,0,3,0,.000,.000
673237,681190,3,1,0,0,0,0,.333,.666
673237,665152,9,2,1,1,2,0,.222,.778
673237,579328,10,3,0,0,3,1,.300,.864
673237,669022,5,2,0,1,1,0,.400,1.000
673237,607536,5,0,0,0,1,0,.000,.000
670541,669358,8,1,0,0,1,1,.125,.347
670541,663567,1,1,0,0,0,1,1.000,2.000
670541,669467,5,3,1,2,0,0,.600,2.000
670541,800048,3,1,0,2,0,0,.333,.666
670541,689981,3,0,0,0,1,0,.000,.000
670541,694819,2,0,0,0,2,0,.000,.333
670541,663738,7,0,0,0,1,0,.000,.000
670541,453286,6,2,1,2,0,1,.333,1.262
670541,607259,6,1,1,1,2,0,.167,.834
670541,695684,3,1,0,0,1,0,.333,.666
670541,554430,7,3,0,0,4,2,.429,1.127
670541,640455,16,1,0,2,7,1,.063,.243
805999,669467,2,0,0,0,0,1,.000,.333
670541,669022,5,1,0,0,1,0,.200,.400
805999,669358,2,1,0,0,0,0,.500,1.000
670541,683003,2,1,0,0,0,1,.500,1.667
670541,681190,2,0,0,0,0,0,.000,.333
670541,676083,4,3,2,3,0,0,.750,3.000
670541,669302,30,8,1,6,10,7,.267,.872
670541,665152,9,5,0,2,1,3,.556,1.334
670541,641743,5,3,0,1,0,0,.600,1.400
670541,607536,2,0,0,0,0,0,.000,.333
670541,579328,31,11,4,10,7,0,.355,1.194
805999,693313,1,1,0,0,0,0,1.000,2.000
805999,694819,5,0,0,0,2,0,.000,.000
805999,669302,2,1,0,0,1,0,.500,1.500
805999,554430,5,2,0,1,0,1,.400,.900
805999,686751,2,1,0,1,0,0,.500,1.500
805999,702275,4,0,0,0,1,0,.000,.000
805999,695684,1,1,0,0,0,1,1.000,2.000
805999,669022,2,0,0,0,0,0,.000,.000
805999,676083,5,3,0,2,0,0,.600,1.200
805999,681190,2,0,0,0,0,0,.000,.000
666182,669358,12,3,1,2,0,2,.250,.857
805999,683003,1,0,0,0,0,2,.000,.667
666182,693313,1,1,1,3,0,0,1.000,5.000
666182,669467,11,2,0,1,2,1,.182,.523
666182,695684,3,0,0,0,0,0,.000,.000
666182,663567,1,0,0,0,0,0,.000,.000
666182,647336,8,2,0,0,1,1,.250,.583
666182,453286,4,0,0,0,1,1,.000,.200
666182,663738,8,2,1,2,2,0,.250,.875
666182,607259,2,1,0,0,0,0,.500,1.000
666182,694819,1,1,0,0,0,1,1.000,2.000
666182,640455,3,1,0,0,2,0,.333,1.000
666182,607536,6,1,1,3,0,0,.167,.834
666182,579328,12,1,0,0,3,1,.083,.237
666182,554430,17,4,0,1,5,0,.235,.529
666182,669302,20,4,0,2,6,1,.200,.473
666182,683003,2,2,0,0,0,0,1.000,2.000
666182,669022,8,0,0,0,1,0,.000,.000
666182,686751,2,0,0,0,1,0,.000,.000
666182,681190,9,3,0,0,3,0,.333,.777
666182,702275,2,0,0,1,0,0,.000,.000
666182,665152,28,7,0,1,5,5,.250,.614
666182,676083,8,4,0,1,0,1,.500,1.056
666182,682227,3,1,0,1,0,0,.333,.666
683146,669467,4,2,0,1,0,0,.500,1.000
683146,669358,4,1,0,0,1,0,.250,.500
683146,663738,1,0,0,0,0,0,.000,.000
683146,695684,2,1,0,0,0,0,.500,1.000
683146,647336,3,0,0,0,2,0,.000,.000
683146,607259,6,3,1,1,1,0,.500,1.500
683146,640455,1,0,0,0,0,0,.000,.000
683146,694819,5,0,0,0,1,1,.000,.167
683146,665152,2,0,0,0,0,0,.000,.000
683146,693313,1,1,1,2,0,1,1.000,5.000
683146,686751,3,0,0,0,0,1,.000,.250
683146,554430,16,4,1,2,4,0,.250,.688
701807,669358,1,1,1,1,0,1,1.000,5.000
683146,669022,3,1,0,0,2,1,.333,.833
683146,676083,3,1,0,1,0,0,.333,.666
683146,702275,3,1,0,0,1,0,.333,.666
683146,669302,5,1,0,0,3,0,.200,.400
683146,681190,3,1,0,0,2,0,.333,1.000
701807,669467,5,0,0,0,1,0,.000,.000
683146,683003,4,0,0,0,1,0,.000,.000
701807,686751,2,0,0,0,1,1,.000,.333
701807,693313,1,0,0,0,0,0,.000,.000
701807,695684,2,0,0,0,0,0,.000,.333
701807,694819,3,0,0,0,2,0,.000,.000
701807,702275,3,1,0,0,0,0,.333,.666
701807,681190,3,3,0,0,0,0,1.000,2.000
701807,669022,2,1,0,0,0,0,.500,1.500
701807,669302,3,2,2,3,1,0,.667,3.334
701807,554430,5,2,1,1,1,1,.400,1.500
701807,683003,2,1,0,1,1,0,.500,1.000
701807,676083,4,1,0,1,0,0,.250,.750
666624,607259,3,1,0,0,2,0,.333,.666
666624,669467,8,4,1,1,2,2,.500,1.475
666624,665152,5,2,1,2,1,0,.400,1.400
666624,579328,9,1,0,0,7,2,.111,.495
666624,607536,8,2,2,2,1,0,.250,1.250
666624,453286,1,0,0,0,1,0,.000,.000
666624,694819,1,1,0,1,0,1,1.000,2.000
666624,800048,6,1,0,0,2,0,.167,.334
666624,640455,6,2,0,1,2,1,.333,.762
666624,683003,6,1,0,0,1,0,.167,.334
666624,554430,12,3,1,1,3,0,.250,.891
665506,687792,1,0,0,0,0,1,.000,.500
666624,669022,3,1,0,1,0,0,.333,.666
666624,676083,3,3,1,3,0,0,1.000,3.000
666624,681190,5,2,0,1,2,1,.400,.900
666624,669302,3,0,0,0,1,0,.000,.000
666624,682227,4,1,1,2,1,0,.250,1.250
665506,663738,1,0,0,0,1,1,.000,.500
665506,640455,2,1,0,0,0,0,.500,1.500
665506,453286,2,0,0,0,1,0,.000,.000
665506,554430,6,0,0,0,2,0,.000,.000
682626,669358,5,0,0,0,1,0,.000,.000
665506,669022,10,1,0,1,4,0,.100,.300
665506,607536,4,2,1,2,0,0,.500,1.750
682626,687792,4,2,0,0,2,0,.500,1.000
682626,694819,3,1,0,0,0,0,.333,.666
682626,647336,3,0,0,0,0,0,.000,.000
682626,579328,2,0,0,0,1,0,.000,.000
682626,663567,3,0,0,0,1,0,.000,.000
682626,607259,2,0,0,0,1,0,.000,.000
682626,669467,5,3,1,3,1,1,.600,1.867
682626,640455,1,0,0,0,0,0,.000,.000
682626,607536,2,0,0,0,0,0,.000,.000
682626,665152,3,0,0,0,0,2,.000,.400
682626,702275,1,0,0,0,0,0,.000,.000
682626,669022,6,1,0,0,2,2,.167,.708
682626,669302,5,1,0,0,2,0,.200,.400
682626,683003,3,0,0,0,3,0,.000,.250
682626,554430,4,0,0,0,2,1,.000,.200
682626,686751,3,0,0,0,3,0,.000,.000
682626,676083,1,0,0,0,0,1,.000,.500
596019,663567,4,2,1,1,1,0,.500,1.750
596019,669358,4,0,0,0,0,2,.000,.333
682626,682227,3,1,0,2,0,1,.333,1.167
596019,607259,8,2,0,0,3,1,.250,.708
596019,647336,3,0,0,1,0,1,.000,.250
596019,693313,2,0,0,0,0,0,.000,.000
596019,669467,15,6,0,1,2,4,.400,.926
596019,687792,6,3,1,1,0,0,.500,1.667
596019,453286,3,1,0,0,1,0,.333,.666
596019,665152,6,3,0,2,2,0,.500,1.333
596019,669302,6,2,0,0,0,0,.333,.666
596019,686751,2,1,0,0,0,0,.500,1.500
596019,640455,15,5,1,1,2,0,.333,1.042
596019,683003,3,0,0,0,1,1,.000,.400
596019,694819,7,2,1,1,2,0,.286,1.000
596019,607536,13,4,1,1,4,1,.308,.972
596019,554430,37,9,1,5,8,1,.243,.680
596019,702275,1,0,0,0,1,0,.000,.500
596019,579328,5,1,0,0,2,0,.200,.400
596019,681190,2,1,0,0,0,0,.500,1.000
596019,669022,22,5,1,2,2,3,.227,.710
665742,663567,8,1,0,1,2,0,.125,.250
665742,695684,2,1,0,0,1,0,.500,1.000
665742,669358,8,5,1,2,1,3,.625,1.852
665742,663738,5,2,0,0,0,1,.400,.971
596019,676083,4,1,0,0,1,1,.250,.750
665742,453286,7,1,1,1,1,4,.143,1.026
665742,647336,12,6,2,3,2,6,.500,1.667
665742,607259,4,1,1,2,1,1,.250,1.400
665742,669467,14,3,0,0,1,3,.214,.639
596019,682227,3,0,0,0,0,1,.000,.250
665742,640455,7,1,1,1,3,5,.143,1.071
665742,579328,8,2,1,3,2,1,.250,.958
665742,607536,31,7,2,5,1,4,.226,.862
665742,681190,6,1,1,4,1,2,.167,1.042
665742,686751,1,0,0,0,0,0,.000,.000
665742,694819,3,0,0,0,1,1,.000,.250
665742,702275,2,1,0,0,1,1,.500,1.167
665742,554430,54,14,2,4,14,16,.259,.836
665742,669302,16,2,0,0,7,2,.125,.347
665742,683003,2,1,0,0,1,1,.500,1.167
665742,665152,9,2,1,1,2,2,.222,.920
620443,453286,2,0,0,0,0,0,.000,.000
620443,687792,2,1,0,0,1,0,.500,1.500
620443,663567,1,1,0,0,0,0,1.000,2.000
665742,676083,4,1,0,0,0,0,.250,.500
620443,665152,2,0,0,0,1,0,.000,.000
620443,579328,1,0,0,0,1,1,.000,.500
665742,669022,18,5,1,2,7,0,.278,.722
620443,647336,1,0,0,0,0,0,.000,.000
620443,663738,3,1,0,0,1,1,.333,.833
620443,640455,6,0,0,0,2,0,.000,.000
665742,682227,2,0,0,0,0,0,.000,.000
620443,607259,2,1,0,0,0,0,.500,1.000
620443,669467,5,0,0,0,1,0,.000,.167
620443,676083,2,1,0,2,0,0,.500,1.500
620443,641743,2,0,0,0,1,0,.000,.000
620443,702275,2,1,0,0,0,0,.500,1.000
620443,554430,6,1,0,0,2,0,.167,.334
543760,663567,1,0,0,0,0,0,.000,.000
620443,607536,3,0,0,0,1,0,.000,.000
620443,669022,8,1,0,0,3,0,.125,.375
620443,681190,3,0,0,0,1,0,.000,.000
543760,669358,9,2,0,0,0,0,.222,.555
543760,453286,8,2,0,0,4,0,.250,.500
543760,694819,2,0,0,0,0,0,.000,.000
543760,669467,9,1,0,0,4,0,.111,.222
543760,695684,2,1,0,1,0,0,.500,1.500
543760,607259,18,4,1,3,5,1,.222,.763
543760,665152,15,5,1,1,1,1,.333,.975
543760,663738,7,2,0,0,1,0,.286,.572
543760,686751,1,0,0,0,1,0,.000,.000
543760,702275,1,0,0,0,1,1,.000,.500
543760,640455,6,0,0,0,2,0,.000,.000
543760,647336,3,0,0,0,1,0,.000,.000
543760,607536,7,5,0,0,1,1,.714,1.607
668901,647336,2,1,0,0,1,0,.500,1.000
543760,554430,20,4,1,1,5,1,.200,.638
543760,579328,41,8,2,5,10,1,.195,.575
543760,669022,5,1,0,0,0,0,.200,.800
543760,681190,5,2,1,3,0,0,.400,1.600
543760,669302,40,5,1,4,9,0,.125,.375
668901,669467,6,2,1,1,0,1,.333,1.262
668901,607259,5,1,0,1,0,0,.200,.400
543760,683003,2,1,0,1,0,0,.500,1.000
543760,676083,2,1,0,0,0,0,.500,1.000
668901,607536,5,0,0,0,3,0,.000,.000
668901,687792,7,2,0,2,2,0,.286,.572
668901,665152,5,1,0,1,3,0,.200,.600
668901,695684,2,1,0,0,0,0,.500,1.000
668901,669302,5,0,0,0,0,0,.000,.000
668901,663567,4,1,1,2,0,1,.250,1.400
668901,702275,2,1,0,0,1,0,.500,1.000
668901,579328,2,0,0,0,1,0,.000,.000
668901,682227,4,2,0,0,0,0,.500,1.000
668901,554430,9,3,0,0,2,0,.333,.777
668901,681190,1,1,0,0,0,0,1.000,2.000
668901,669022,11,3,1,1,3,2,.273,1.021
677595,669358,1,1,0,0,0,0,1.000,2.000
677595,607259,2,0,0,0,1,0,.000,.000
677595,669302,3,2,0,0,1,0,.667,1.667
677595,669022,2,0,0,0,1,0,.000,.000
677595,694819,1,0,0,0,0,1,.000,.500
677595,682227,3,0,0,0,2,0,.000,.000
677595,702275,1,0,0,0,1,0,.000,.000
677595,554430,6,1,0,0,2,0,.167,.334
